counter,Uniprot_ID,length_aa,M_aa,F_aa,L_aa,I_aa,V_aa,S_aa,P_aa,T_aa,A_aa,Y_aa,H_aa,Q_aa,N_aa,K_aa,D_aa,E_aa,C_aa,W_aa,R_aa,G_aa,pH_Isoelectric_point_bp,Aromaticity_bp,GRAVY_bp,Instability_index_bp,PEST_total_ptmc,Acetylation_ptmc,Methylation_ptmc,OGalNAc_ptmc,OGlcNAc_ptmc,Phosphorylation_ptmc,Sumoylation_ptmc,Ubiquitination_ptmc,activesite_bcaa,alternativeseq_bcaa,betastrand_bcaa,bindsite_bcaa,calciumbind_bcaa,chain_bcaa,coiledcoil_bcaa,compbias_bcaa,cross_bcaa,dnabind_bcaa,disulfidebond_bcaa,domain_bcaa,errgenemodelprediction_bcaa,errinitiation_bcaa,errtermination_bcaa,errtranslation_bcaa,frameshift_bcaa,glycosylation_bcaa,helix_bcaa,initiatormethionine_bcaa,intramembrane_bcaa,lipidation_bcaa,massspectrometry_bcaa,metalbind_bcaa,modifiedresidue_bcaa,motif_bcaa,mutagenesis_bcaa,naturalvariant_bcaa,non_bcaa,nucleotidebind_bcaa,peptide_bcaa,propeptide_bcaa,region_bcaa,repeat_bcaa,seqcaution_bcaa,seqconflict_bcaa,signalpeptide_bcaa,site_bcaa,topologicaldomain_bcaa,transitpeptide_bcaa,transmembrane_bcaa,turn_bcaa,zincfinger_bcaa
19859,Q13117,558,3,33,22,12,53,36,76,38,42,66,6,60,31,11,6,10,5,5,13,30,8.83905029296875,0.1863799283154122,-0.4086021505376342,54.823297491039646,5.0,0.0,0.0,0.0,0.0,22.0,0.0,10.0,0,1,0,0,0,1,0,0,0,0,0,1,0,0,0,0,0,0,0,0,0,0,0,0,0,0,0,0,0,0,0,0,0,0,0,1,0,0,0,0,0,0,0
2773,Q5BKU9,147,3,5,13,1,9,7,11,4,16,1,6,7,3,3,7,9,7,1,16,18,8.56915283203125,0.047619047619047616,-0.4870748299319732,53.29251700680274,1.0,,,,,,,,0,0,0,0,0,1,0,0,0,0,0,1,0,0,0,0,0,0,0,0,0,0,0,0,0,0,0,0,0,0,0,0,0,0,0,1,0,0,0,0,0,0,0
20115,P62805,103,2,2,8,6,9,2,1,7,7,4,2,2,2,11,3,4,0,0,14,17,11.36285400390625,0.058252427184466014,-0.5213592233009711,42.954368932038825,,10.0,22.0,0.0,0.0,12.0,5.0,6.0,0,0,1,0,0,1,0,0,1,1,0,0,0,0,0,0,1,0,1,1,0,0,0,0,1,0,0,1,0,0,0,0,0,0,0,1,0,0,0,0,0,1,0
17472,O60813,478,14,19,87,22,25,26,25,22,22,10,10,24,17,28,23,25,24,8,33,14,8.82574462890625,0.07740585774058578,0.022594142259414158,54.661108786610995,8.0,0.0,1.0,0.0,0.0,2.0,0.0,0.0,0,0,0,0,0,1,0,0,0,0,0,0,0,0,0,0,0,0,0,0,0,0,0,0,0,0,0,0,0,0,0,0,0,1,0,1,0,0,0,0,0,0,0
7021,Q13595,282,5,6,6,4,10,49,14,13,6,22,11,2,7,6,14,14,1,0,60,32,11.27069091796875,0.09929078014184398,-1.587943262411347,114.13226950354637,2.0,0.0,3.0,0.0,0.0,60.0,0.0,2.0,0,1,0,0,0,1,0,1,1,0,0,1,0,0,0,0,0,0,0,1,0,0,0,0,1,0,0,0,0,0,0,0,1,0,0,0,0,0,0,0,0,0,0
19919,Q8WWZ1,152,2,8,14,7,6,10,10,7,14,6,0,9,3,7,5,14,7,3,8,12,4.94317626953125,0.11184210526315788,-0.24473684210526314,62.925065789473685,2.0,0.0,0.0,0.0,0.0,5.0,0.0,0.0,0,1,1,0,0,1,0,0,0,0,0,0,0,0,0,0,0,0,1,0,0,0,0,0,0,0,0,1,0,0,0,0,0,0,0,0,0,0,0,0,0,1,0
9390,Q8TAA9,524,11,26,61,31,35,41,19,28,38,21,13,23,15,25,25,34,5,6,41,26,8.93804931640625,0.10114503816793892,-0.18339694656488575,46.357290076335886,7.0,1.0,0.0,0.0,0.0,22.0,0.0,7.0,0,1,0,0,0,1,0,0,0,0,0,0,0,1,0,0,0,0,0,0,0,0,0,0,1,0,0,1,0,0,0,0,0,0,0,0,0,0,1,0,1,0,0
1254,Q8N6R0,699,19,30,79,31,58,42,35,22,49,17,16,44,11,41,44,48,15,7,45,46,6.28936767578125,0.07725321888412018,-0.21573676680972784,46.32331902718182,13.0,0.0,0.0,0.0,0.0,14.0,1.0,12.0,0,1,1,0,0,1,0,0,0,0,0,0,0,1,0,0,0,0,1,0,0,0,0,0,1,0,0,1,0,0,0,0,0,0,0,1,0,0,0,0,0,0,0
2845,O60404,316,21,29,47,22,23,27,12,22,19,10,15,4,8,8,3,5,12,3,11,15,9.21539306640625,0.1329113924050633,0.8952531645569627,44.35411392405064,3.0,0.0,0.0,0.0,0.0,1.0,0.0,0.0,0,0,0,0,0,1,0,0,0,0,1,0,0,0,0,0,0,0,0,0,0,0,0,0,0,0,0,1,0,0,0,0,0,0,0,0,0,0,1,0,1,0,0
6036,Q9Y2E4,1556,44,38,155,73,136,123,100,101,114,41,44,64,39,66,78,81,40,19,91,109,7.11785888671875,0.06298200514138817,-0.11818766066837927,43.967814910026036,23.0,0.0,0.0,0.0,0.0,27.0,0.0,3.0,0,1,0,0,0,1,0,0,0,0,0,1,0,1,0,0,0,0,0,0,0,0,0,0,1,0,0,1,0,0,0,0,0,0,0,0,0,0,0,0,0,0,0
1911,O15428,100,2,1,7,2,3,8,10,1,7,2,4,5,4,5,5,7,0,3,10,14,9.59124755859375,0.06000000000000001,-1.1740000000000008,65.395,,0.0,0.0,0.0,0.0,0.0,0.0,2.0,0,0,0,0,0,1,0,0,0,0,0,1,0,0,0,0,0,0,0,0,0,0,0,0,0,0,0,0,0,0,0,0,0,0,0,0,0,0,0,0,0,0,0
14409,Q8IZF4,528,11,32,85,17,34,50,21,34,40,15,17,24,22,10,9,19,18,13,26,31,8.68634033203125,0.11363636363636365,0.3018939393939397,51.6187500000001,5.0,0.0,0.0,0.0,0.0,2.0,0.0,0.0,0,0,0,0,0,1,0,0,0,0,0,1,1,1,0,0,0,1,0,0,0,0,0,0,0,0,0,0,0,0,0,0,0,0,0,1,1,1,1,0,1,0,0
3342,P08236,651,12,29,65,26,51,42,37,38,38,37,18,32,28,27,30,37,6,19,36,43,6.53790283203125,0.13056835637480801,-0.31582181259600617,41.700491551459386,13.0,0.0,0.0,0.0,0.0,0.0,0.0,5.0,1,1,1,0,0,1,0,0,0,0,0,0,0,0,0,0,0,1,1,0,0,0,0,0,0,0,0,1,0,0,0,0,0,0,0,0,1,0,0,0,0,1,0
10515,Q8N3H0,131,2,2,7,6,13,10,4,10,8,1,7,5,4,15,2,7,10,4,6,8,9.45831298828125,0.053435114503816786,-0.33129770992366403,49.06259541984733,1.0,,,,,,,,0,1,0,0,0,1,0,0,0,0,0,0,0,0,0,0,0,0,0,0,0,0,0,0,0,0,0,0,0,0,0,0,0,0,0,1,1,0,0,0,0,0,0
16639,Q86XA0,190,5,7,26,12,14,15,11,5,15,5,7,7,3,8,12,12,6,7,5,8,4.91302490234375,0.1,0.20263157894736825,57.0678947368421,4.0,0.0,0.0,0.0,0.0,3.0,0.0,0.0,0,1,0,0,0,1,0,0,0,0,0,0,0,1,0,0,0,0,0,0,0,0,0,0,0,0,0,1,0,0,0,0,0,0,0,1,0,0,0,0,1,0,0
13744,Q8N2Z9,138,3,5,10,6,6,10,1,8,14,3,2,10,6,14,5,20,3,0,9,3,5.82745361328125,0.05797101449275361,-0.8891304347826091,57.28188405797099,1.0,0.0,0.0,0.0,0.0,3.0,0.0,2.0,0,1,1,0,0,1,0,0,0,0,0,0,0,0,0,0,0,0,1,0,0,0,0,0,1,0,1,0,0,0,0,0,0,0,0,0,0,0,0,0,0,1,0
12504,Q6XZB0,460,11,32,47,29,28,34,25,24,12,20,10,16,31,31,20,18,17,4,25,26,9.18145751953125,0.1217391304347826,-0.18608695652173926,35.64028260869566,6.0,0.0,0.0,0.0,0.0,5.0,0.0,0.0,1,1,0,0,0,1,0,0,0,0,1,0,0,0,0,0,0,1,0,0,0,0,0,0,0,0,1,1,0,0,0,0,0,0,0,1,1,0,0,0,0,0,0
18096,Q9Y6A5,838,14,18,73,16,45,78,74,48,77,9,16,50,21,54,41,91,15,2,38,58,4.97222900390625,0.034606205250596656,-0.7194510739856796,59.743794749403676,17.0,1.0,3.0,0.0,0.0,40.0,0.0,6.0,0,0,0,0,0,1,1,1,0,0,0,0,0,0,0,0,0,0,1,1,0,0,0,0,1,0,1,1,0,0,0,0,1,0,0,1,0,0,0,0,0,1,0
7690,O75324,88,3,1,9,8,8,6,5,5,6,2,2,3,1,4,3,7,3,1,3,8,5.19244384765625,0.045454545454545456,0.2625,42.279545454545435,1.0,0.0,0.0,0.0,0.0,2.0,0.0,0.0,0,0,1,0,0,1,0,0,0,0,0,0,0,0,0,0,0,0,1,0,0,0,0,0,1,0,0,1,0,0,0,0,0,0,0,0,0,0,1,0,1,1,0
18975,Q9NRW7,570,15,20,65,31,47,43,20,27,30,24,12,27,29,41,24,46,7,2,33,27,8.41290283203125,0.08070175438596491,-0.31052631578947354,43.60968421052637,6.0,0.0,2.0,0.0,0.0,16.0,0.0,14.0,0,1,0,0,0,1,0,0,0,0,0,0,0,0,0,0,0,0,0,0,0,0,0,0,1,0,0,1,0,0,0,0,0,0,0,1,0,0,0,0,0,0,0
707,P11940,636,28,27,39,23,44,39,47,30,67,19,10,41,27,41,26,39,4,2,43,40,9.51519775390625,0.07547169811320754,-0.5108490566037734,41.866823899371155,6.0,8.0,27.0,0.0,0.0,37.0,1.0,32.0,0,1,1,0,0,1,0,1,0,0,0,1,0,0,0,0,0,0,1,0,0,0,0,0,1,0,1,0,0,0,0,0,1,0,0,1,0,0,0,0,0,1,0
19558,Q96N58,590,12,26,36,23,14,53,21,26,21,21,50,24,30,61,15,49,36,1,37,34,9.19256591796875,0.08135593220338982,-1.001525423728812,45.70576271186449,,0.0,0.0,0.0,0.0,12.0,11.0,3.0,0,0,0,0,0,1,0,0,0,0,0,1,0,1,0,0,0,0,0,0,0,0,0,0,0,0,0,1,0,0,0,0,0,0,0,0,0,0,0,0,0,0,1
16182,Q86YQ2,179,3,7,31,9,15,15,10,12,10,1,1,16,9,6,5,8,2,2,5,12,5.32757568359375,0.05586592178770949,0.2413407821229047,35.38212290502793,5.0,,,,,,,,0,0,0,0,0,1,0,0,0,0,0,0,0,0,0,0,0,0,0,0,0,0,0,0,0,0,0,0,0,0,0,0,0,0,0,0,1,0,0,0,0,0,0
19914,P22301,178,8,10,24,7,7,11,6,6,10,5,4,10,12,13,8,13,6,0,10,8,8.19305419921875,0.08426966292134831,-0.3539325842696629,56.63544943820224,2.0,,,,,,,,0,0,0,0,0,1,0,0,0,0,1,0,0,0,0,0,0,1,1,0,0,0,0,0,0,0,0,1,0,0,0,0,0,0,0,0,1,0,0,0,0,1,0
991,Q5VWM6,474,13,18,92,22,17,36,25,22,18,14,15,21,11,24,11,36,18,7,34,20,8.85247802734375,0.08227848101265822,-0.03227848101265834,49.25276371308017,6.0,0.0,0.0,0.0,0.0,4.0,1.0,0.0,0,0,0,0,0,1,0,0,0,0,0,0,0,0,0,0,0,0,0,0,0,0,0,0,0,0,0,0,0,0,0,0,0,1,0,0,0,0,0,0,0,0,0
12149,Q9HCC9,887,21,28,82,25,42,78,61,39,96,16,22,34,17,34,59,76,32,6,58,61,4.99139404296875,0.05636978579481398,-0.4298759864712505,56.36913190529904,16.0,0.0,0.0,0.0,0.0,7.0,0.0,1.0,0,1,0,0,0,1,0,0,1,0,0,0,0,1,0,0,0,0,0,0,0,0,0,0,1,0,1,1,0,0,0,0,0,0,0,1,0,0,0,0,0,0,1
17961,Q69YZ2,307,4,3,39,7,17,24,36,7,28,4,6,5,5,3,8,15,6,5,43,42,11.43890380859375,0.03908794788273615,-0.3765472312703588,76.89902280130308,7.0,0.0,1.0,0.0,0.0,8.0,0.0,0.0,0,0,0,0,0,1,0,1,0,0,0,0,0,0,0,0,0,1,0,0,0,0,0,0,0,0,0,0,0,0,0,0,0,0,0,0,0,0,0,0,1,0,0
6416,Q9Y6C2,1016,7,15,133,11,57,80,75,40,97,16,19,68,17,11,36,88,23,7,77,139,5.09613037109375,0.03740157480314961,-0.3884842519685017,55.784350393701146,14.0,0.0,0.0,2.0,0.0,8.0,0.0,0.0,0,1,1,0,0,1,1,0,0,0,1,1,0,0,0,0,0,1,0,0,0,0,0,0,0,0,0,1,0,0,0,0,0,0,0,0,1,0,0,0,0,1,0
3774,P00751,764,12,21,58,38,57,56,41,43,34,33,18,36,30,53,46,48,24,13,38,65,6.66729736328125,0.08769633507853403,-0.501047120418847,43.550824607329986,11.0,2.0,0.0,0.0,0.0,6.0,0.0,1.0,1,1,1,0,0,1,0,0,0,0,1,1,0,0,0,0,0,1,1,0,0,0,0,0,0,0,0,1,0,0,0,0,0,0,0,1,1,0,0,0,0,1,0
6249,Q6NZ36,180,2,6,20,1,8,12,26,8,15,1,4,7,0,2,7,15,5,5,20,16,6.90472412109375,0.06666666666666668,-0.5938888888888892,72.86277777777777,4.0,0.0,1.0,0.0,0.0,3.0,0.0,2.0,0,1,1,0,0,1,0,0,0,0,0,0,0,1,0,0,0,0,1,0,0,0,0,0,1,0,1,1,0,0,0,0,0,0,0,1,0,0,0,0,0,1,1
11471,Q69YL0,99,1,3,16,2,3,6,7,2,14,0,1,8,1,0,3,4,1,0,18,9,12.00006103515625,0.030303030303030307,-0.4121212121212121,83.94949494949493,1.0,,,,,,,,0,0,0,0,0,1,0,0,0,0,0,0,0,0,0,0,0,0,0,0,0,0,0,0,0,0,0,0,0,0,0,0,0,0,0,0,0,0,0,0,0,0,0
18221,P62081,194,2,11,18,14,17,13,9,7,10,1,4,10,7,24,7,16,0,0,14,10,10.09271240234375,0.061855670103092786,-0.4587628865979382,39.688144329896886,2.0,7.0,1.0,0.0,0.0,9.0,4.0,17.0,0,0,0,0,0,1,0,1,1,0,0,0,0,0,0,0,0,0,0,0,0,0,0,0,1,0,0,0,0,0,0,0,0,0,0,0,0,0,0,0,0,0,0
17279,Q8NH69,310,12,27,50,22,20,28,10,17,17,15,6,5,14,13,13,9,12,1,8,11,6.57293701171875,0.13870967741935486,0.6693548387096782,30.511999999999986,5.0,,,,,,,,0,0,0,0,0,1,0,0,0,0,0,0,0,0,0,0,0,1,0,0,0,0,0,0,0,0,0,1,0,0,0,0,0,0,0,0,0,0,1,0,1,0,0
4454,P16066,1061,21,45,141,38,74,62,54,54,80,34,25,37,37,37,53,74,17,16,79,83,6.19390869140625,0.08953817153628651,-0.16861451460885962,40.74721960414724,9.0,2.0,0.0,0.0,0.0,13.0,0.0,0.0,0,0,0,1,0,1,0,0,0,0,1,1,0,0,0,0,0,1,0,0,0,0,0,0,1,0,0,1,0,0,0,0,0,0,0,1,1,0,1,0,1,0,0
8550,Q969K7,222,5,8,38,9,22,22,9,16,22,4,5,5,3,4,5,7,10,4,10,14,8.06060791015625,0.07207207207207207,0.7639639639639653,40.35090090090089,3.0,0.0,0.0,0.0,0.0,3.0,0.0,0.0,0,1,0,0,0,1,0,0,0,0,0,0,0,0,0,0,1,0,0,0,0,0,0,0,0,0,0,1,0,0,0,0,0,0,0,1,0,0,0,0,1,0,0
17788,Q9P242,653,14,12,49,12,32,99,81,37,38,14,20,20,17,40,34,41,10,1,42,40,8.71124267578125,0.04134762633996937,-0.8309341500765696,76.67810107197586,12.0,0.0,0.0,0.0,0.0,46.0,0.0,0.0,0,1,0,0,0,1,0,1,0,0,0,0,0,1,0,0,0,0,0,0,0,0,0,0,1,0,0,1,0,0,0,0,1,0,0,0,0,0,0,0,0,0,0
16186,P01597,117,3,3,14,5,4,20,7,8,8,6,0,10,1,3,5,1,3,2,6,8,8.90545654296875,0.09401709401709403,-0.1307692307692308,60.815384615384616,2.0,,,,,,,,0,0,1,0,0,1,0,0,0,0,1,1,0,0,0,0,0,0,1,0,0,0,0,0,0,0,0,0,1,0,0,0,1,0,1,1,1,0,0,0,0,1,0
10805,Q16666,785,29,38,53,44,46,68,57,63,33,14,19,29,37,89,30,63,8,0,28,37,9.31329345703125,0.06624203821656051,-0.6109554140127382,43.93235668789829,14.0,17.0,1.0,0.0,0.0,47.0,13.0,31.0,0,1,1,0,0,1,0,1,1,0,0,1,0,1,0,0,1,0,1,0,0,0,0,0,1,1,1,1,0,0,0,0,1,0,1,1,0,0,0,0,0,1,0
8043,Q8IWY4,988,11,33,56,36,45,67,53,65,50,32,36,48,40,55,58,57,90,4,50,102,6.41864013671875,0.06983805668016194,-0.5495951417004037,53.95658906882617,15.0,0.0,0.0,0.0,0.0,6.0,0.0,1.0,0,0,0,0,0,1,0,0,0,0,1,1,0,0,0,0,0,1,0,0,0,0,0,0,0,0,0,1,0,0,0,0,0,0,0,1,1,0,0,0,0,0,0
2861,P41586,468,16,34,47,26,41,39,17,25,24,19,11,11,18,16,22,24,15,14,19,30,5.49591064453125,0.14316239316239315,0.22072649572649555,46.11134615384618,8.0,0.0,0.0,0.0,0.0,3.0,0.0,0.0,0,1,1,0,0,1,0,0,0,0,1,0,0,1,0,0,0,1,1,0,0,0,0,0,1,0,1,0,0,0,0,0,1,0,0,1,1,0,1,0,1,1,0
5442,A0A1B0GVN3,265,6,16,25,16,12,24,12,17,20,6,5,13,11,24,15,15,4,4,12,8,9.03338623046875,0.09811320754716983,-0.3694339622641515,49.21849056603775,3.0,,,,,,,,0,0,0,0,0,1,0,0,0,0,0,0,0,0,0,0,0,0,0,0,0,0,0,0,0,0,0,0,0,0,0,0,0,0,0,0,1,0,0,0,1,0,0
18068,Q6ZVK1,233,3,24,36,8,16,18,6,12,24,4,6,8,7,5,8,15,7,7,9,10,5.06512451171875,0.1502145922746781,0.4871244635193129,34.280300429184564,2.0,0.0,0.0,0.0,0.0,1.0,0.0,0.0,0,1,0,0,0,1,0,0,0,0,0,0,0,0,0,0,0,1,0,0,0,0,0,0,0,0,0,0,0,0,0,0,0,0,0,0,0,0,0,0,1,0,0
8204,Q6P5W5,647,10,18,121,7,43,58,41,27,78,12,25,24,10,7,25,35,15,9,26,56,5.26702880859375,0.06027820710973725,0.29196290571870137,45.61282843894911,14.0,0.0,0.0,0.0,0.0,2.0,0.0,0.0,0,1,0,0,0,1,0,0,0,0,0,0,0,0,0,0,1,1,0,0,0,0,0,0,0,0,0,1,0,0,0,0,0,0,0,0,1,0,1,0,1,0,0
1616,P25189,248,3,8,23,11,26,23,13,11,16,10,6,8,3,18,14,9,3,6,16,21,9.56976318359375,0.0967741935483871,-0.17580645161290304,43.14076612903224,3.0,0.0,0.0,0.0,0.0,11.0,0.0,0.0,0,1,1,0,0,1,0,0,0,0,1,1,0,1,0,0,0,1,1,0,0,0,0,0,1,0,0,1,0,0,0,0,0,0,0,0,1,0,1,0,1,1,0
4241,Q8IVW1,177,3,11,18,8,11,20,11,10,8,2,7,5,4,16,4,5,4,6,5,19,9.85015869140625,0.1073446327683616,-0.08474576271186436,39.966666666666654,3.0,1.0,0.0,0.0,0.0,4.0,0.0,2.0,0,1,0,0,0,1,0,0,0,0,0,0,0,1,0,0,1,0,0,1,0,1,0,0,0,0,0,1,0,1,0,0,0,0,0,1,0,0,0,0,0,0,0
1339,Q99685,303,9,11,40,11,26,23,20,13,24,9,13,10,9,13,14,16,4,2,14,22,6.49163818359375,0.0726072607260726,0.010561056105610488,35.39306930693067,6.0,0.0,0.0,0.0,0.0,4.0,0.0,0.0,1,1,1,0,0,1,0,0,0,0,0,0,0,1,0,0,0,0,1,0,0,0,0,0,1,0,0,0,0,0,0,0,0,0,0,1,0,0,0,0,0,1,0
9467,Q7Z7G8,4022,78,150,422,265,292,375,228,238,199,106,106,226,161,226,183,248,104,50,147,218,6.02960205078125,0.07608155146693188,-0.1585280954748884,47.95312531079018,75.0,3.0,1.0,0.0,0.0,60.0,0.0,16.0,0,1,0,0,0,1,0,0,0,0,0,0,0,1,0,0,0,0,0,0,0,0,0,0,1,0,0,1,0,0,0,0,0,0,0,1,0,0,0,0,0,0,0
5375,Q6ZRV3,163,4,4,16,2,7,18,8,8,11,1,2,5,2,5,7,12,7,6,8,30,4.88543701171875,0.06748466257668713,-0.30122699386503066,53.59509202453989,3.0,,,,,,,,0,0,0,0,0,1,0,0,0,0,0,0,0,0,0,0,0,0,0,0,0,0,0,0,0,0,0,0,0,0,0,0,0,0,0,0,0,0,0,0,0,0,0
8499,Q2I0M5,234,2,6,20,7,7,10,16,10,11,4,5,14,6,15,7,14,23,3,27,27,9.38177490234375,0.05555555555555555,-0.7008547008547007,52.10089743589746,1.0,0.0,0.0,0.0,0.0,1.0,0.0,0.0,0,1,0,0,0,1,0,0,0,0,1,1,0,0,0,0,0,1,0,0,0,0,0,0,0,0,0,1,0,0,0,0,0,1,0,0,1,0,0,0,0,0,0
1003,Q53H96,274,7,5,33,9,26,17,14,17,39,2,12,11,4,7,3,19,9,0,16,24,7.66131591796875,0.02554744525547445,0.2474452554744521,51.23978102189779,3.0,0.0,0.0,0.0,0.0,3.0,0.0,2.0,0,1,0,0,0,1,0,0,0,0,0,0,0,1,0,0,0,0,0,1,0,0,0,0,1,0,0,1,0,0,0,0,0,0,1,0,0,0,0,0,0,0,0
16550,Q16820,701,16,36,56,43,39,67,23,43,28,27,17,33,39,24,52,32,17,15,42,52,5.45025634765625,0.11126961483594863,-0.3975748930099853,34.19275320970045,9.0,0.0,0.0,0.0,0.0,9.0,0.0,1.0,1,0,1,0,0,1,0,0,0,0,1,1,0,0,0,0,0,1,1,0,0,0,0,1,0,0,1,1,0,0,0,1,1,0,0,1,1,1,1,0,1,1,0
14721,P55201,1214,28,29,92,40,63,110,87,55,72,33,42,56,43,88,70,104,29,13,92,68,8.15728759765625,0.06177924217462932,-0.8763591433278427,64.92644975288343,16.0,7.0,1.0,0.0,0.0,50.0,0.0,0.0,0,1,1,0,0,1,0,0,0,0,0,1,0,0,0,0,0,0,1,0,0,0,0,0,1,0,0,1,0,0,0,0,1,0,0,1,0,0,0,0,0,1,1
13241,Q86UE3,836,10,35,57,49,22,41,31,58,25,39,72,43,19,69,13,81,55,4,60,53,8.93572998046875,0.09330143540669857,-0.8193779904306218,42.406698564593476,3.0,0.0,1.0,0.0,0.0,20.0,11.0,5.0,0,0,0,0,0,1,0,0,1,0,0,1,0,0,0,0,0,0,0,0,0,0,0,0,0,0,0,1,0,0,0,0,0,0,0,0,0,0,0,0,0,0,1
1840,P53611,331,9,13,38,23,21,22,13,11,18,11,9,13,10,15,22,22,12,7,12,30,4.88983154296875,0.09365558912386708,-0.00755287009063447,39.73262839879155,2.0,1.0,0.0,0.0,0.0,3.0,2.0,5.0,0,0,0,0,0,1,0,0,0,0,0,0,0,0,0,0,0,0,0,1,0,0,0,1,1,0,0,0,0,0,0,0,1,1,0,1,0,0,0,0,0,0,0
19908,Q15653,356,5,4,45,5,17,20,32,16,46,8,14,8,5,8,29,29,7,3,21,34,4.70391845703125,0.04213483146067416,-0.3882022471910114,45.65955056179777,5.0,0.0,0.0,0.0,0.0,11.0,0.0,1.0,0,1,0,0,0,1,0,1,0,0,0,0,0,0,0,0,0,0,0,0,0,0,0,0,1,0,1,1,0,0,0,0,0,1,0,1,0,0,0,0,0,0,0
10247,Q5T9C2,384,5,18,33,11,24,57,23,28,16,5,8,11,12,23,20,23,8,2,26,31,8.83111572265625,0.06510416666666667,-0.525,51.08880208333333,7.0,0.0,0.0,0.0,0.0,23.0,0.0,0.0,0,1,0,0,0,1,0,1,0,0,0,1,0,0,0,0,0,0,0,0,0,0,0,0,0,0,0,0,0,0,0,0,0,0,0,0,0,0,0,0,0,0,0
5021,P19784,350,9,13,36,19,24,17,15,9,20,23,14,15,16,27,24,22,3,5,23,16,8.64666748046875,0.11714285714285715,-0.5362857142857141,45.633228571428546,5.0,2.0,1.0,0.0,0.0,12.0,0.0,5.0,1,0,1,1,0,1,0,0,0,0,0,1,0,0,0,0,0,0,1,0,0,0,0,0,1,0,0,1,0,1,0,0,0,0,0,0,0,0,0,0,0,1,0
6737,Q9UI12,483,19,17,48,25,34,33,11,17,35,18,11,38,21,31,21,41,10,9,25,19,6.06695556640625,0.09109730848861283,-0.3679089026915115,49.12795031055904,5.0,0.0,0.0,0.0,0.0,6.0,0.0,8.0,0,1,0,0,0,1,0,0,0,0,0,0,0,0,0,0,0,0,0,0,0,0,0,0,1,0,0,0,0,0,0,0,0,0,0,1,0,0,0,0,0,0,0
13469,D6RIA3,1793,29,42,124,52,95,231,155,112,180,26,26,96,50,104,69,118,18,10,109,147,9.10809326171875,0.04350250976017847,-0.6200223089793628,54.66754043502547,26.0,1.0,1.0,0.0,0.0,19.0,0.0,2.0,0,0,0,0,0,1,0,1,0,0,0,0,0,0,0,0,0,0,0,0,0,0,0,0,1,0,0,1,0,0,0,0,0,0,0,0,0,0,0,0,0,0,0
8655,P59090,65,2,2,9,1,1,4,9,2,6,0,1,1,2,3,5,1,2,2,6,6,9.37921142578125,0.061538461538461535,-0.4384615384615385,30.707692307692305,1.0,,,,,,,,0,1,0,0,0,1,0,0,0,0,0,0,0,0,0,0,0,0,0,0,0,0,0,0,0,0,0,0,0,0,0,0,0,0,0,0,0,0,0,0,0,0,0
2146,P62750,156,2,3,11,11,10,4,12,7,20,5,4,3,6,30,9,5,0,0,11,3,10.44171142578125,0.05128205128205128,-0.7262820512820517,53.782051282051256,,4.0,0.0,0.0,0.0,11.0,0.0,9.0,0,0,0,0,0,1,0,0,1,0,0,0,0,0,0,0,0,0,0,1,0,0,0,0,1,0,0,1,0,0,0,0,0,0,0,1,0,0,0,0,0,0,0
10010,Q9C030,488,7,19,50,17,35,36,25,26,19,16,16,28,21,26,16,45,20,7,36,23,7.50262451171875,0.08606557377049183,-0.5301229508196721,53.18895491803289,3.0,1.0,0.0,0.0,0.0,3.0,0.0,0.0,0,1,0,0,0,1,1,0,0,0,0,1,0,0,0,0,0,0,0,0,0,0,0,0,0,0,1,1,0,0,0,0,0,0,1,1,0,0,0,0,0,0,1
9120,Q8N7C3,387,13,13,54,15,17,30,11,20,26,7,11,20,13,20,14,43,10,4,25,21,5.51800537109375,0.062015503875968984,-0.3627906976744186,46.574961240310074,2.0,,,,,,,,0,1,0,0,0,1,1,0,0,0,0,1,0,0,0,0,0,0,0,0,0,0,0,0,0,0,0,0,0,0,0,0,0,0,0,0,0,0,0,0,0,0,0
2895,P18124,248,9,10,21,20,13,6,9,7,17,11,4,5,15,34,4,17,1,2,27,16,10.65545654296875,0.09274193548387097,-0.6225806451612911,45.94641129032257,,3.0,7.0,0.0,0.0,10.0,0.0,21.0,0,0,0,0,0,1,0,0,0,0,0,0,0,1,0,0,0,0,0,0,0,0,0,0,1,0,0,0,0,0,0,0,1,1,0,1,0,0,0,0,0,0,0
16992,Q8NGZ2,314,11,17,53,20,33,31,9,13,24,12,8,8,10,10,9,6,13,3,12,12,8.76812744140625,0.10191082802547773,0.8557324840764333,37.17108280254777,2.0,,,,,,,,0,0,0,0,0,1,0,0,0,0,1,0,0,0,0,0,1,1,0,0,0,0,0,0,0,0,0,0,0,0,0,0,0,0,0,0,0,0,1,0,1,0,0
604,Q5SV97,790,12,19,47,11,54,89,118,43,98,4,11,39,5,19,38,46,8,7,50,72,5.39776611328125,0.0379746835443038,-0.4878481012658225,64.53253164556999,21.0,0.0,0.0,0.0,0.0,2.0,0.0,0.0,0,1,0,0,0,1,0,1,0,0,0,0,0,0,0,0,0,0,0,0,0,0,0,0,0,0,0,0,0,0,0,0,0,0,0,1,0,0,0,0,0,0,0
329,Q9H9V4,155,5,10,18,9,11,9,8,4,6,5,3,8,6,11,5,7,13,2,4,11,8.21160888671875,0.10967741935483873,0.25096774193548393,42.110967741935454,2.0,0.0,0.0,0.0,0.0,0.0,0.0,8.0,0,0,0,0,0,1,0,0,0,0,0,0,0,0,0,0,0,0,0,0,0,0,0,0,0,0,0,0,0,0,0,0,0,0,0,1,0,0,0,0,1,0,1
10004,O75962,3097,67,100,315,148,177,287,135,136,203,61,105,177,106,200,182,251,54,34,168,191,5.93939208984375,0.0629641588634162,-0.5137229577010047,52.488805295447605,39.0,5.0,0.0,0.0,0.0,73.0,0.0,1.0,1,1,1,1,0,1,0,1,0,0,1,1,0,1,0,0,1,0,1,0,0,0,0,0,1,0,1,1,0,1,0,0,0,1,0,1,0,0,0,0,0,1,0
11120,O60662,606,11,26,69,37,45,41,25,19,43,20,7,20,24,52,49,42,14,7,22,33,5.13702392578125,0.08745874587458746,-0.17244224422442286,36.051320132013224,7.0,1.0,0.0,0.0,0.0,2.0,0.0,1.0,0,1,0,0,0,1,0,0,0,0,0,1,0,0,0,0,0,0,0,0,0,0,0,0,1,0,0,1,0,0,0,0,0,1,0,1,0,0,0,0,0,0,0
16448,P22732,501,13,31,71,39,47,33,25,23,40,17,3,22,15,16,9,27,8,6,17,39,5.81219482421875,0.10778443113772457,0.6319361277445118,47.59542914171661,8.0,0.0,1.0,0.0,0.0,1.0,0.0,4.0,0,1,0,1,0,1,0,0,0,0,0,0,1,0,0,0,0,1,0,0,0,0,1,0,1,0,0,0,0,0,0,0,1,0,0,1,0,0,1,0,1,0,0
14053,Q9NRR3,84,6,4,3,4,5,8,4,3,4,1,2,7,5,3,3,3,3,1,5,10,8.61102294921875,0.07142857142857142,-0.4404761904761905,61.42261904761903,3.0,0.0,0.0,0.0,0.0,7.0,0.0,1.0,0,0,0,0,0,1,0,1,0,0,0,1,0,0,0,0,0,0,0,0,0,1,0,0,1,0,0,0,0,0,0,0,0,0,0,0,0,0,0,0,0,0,0
15468,O94819,623,4,16,62,4,39,49,58,11,98,19,9,19,5,5,27,46,18,8,60,66,5.78033447265625,0.06902086677367576,-0.26420545746388463,58.69712680577876,10.0,1.0,0.0,0.0,0.0,9.0,0.0,4.0,0,0,0,0,0,1,0,0,0,0,0,1,0,1,0,0,0,0,0,0,0,0,0,0,1,0,0,0,0,0,0,0,0,1,0,0,0,0,0,0,0,0,0
2953,O94762,991,12,36,81,24,54,82,73,42,96,24,26,45,23,73,44,76,30,8,67,75,8.85504150390625,0.06861755802219979,-0.5989909182643796,51.96874873864811,17.0,0.0,2.0,0.0,0.0,20.0,0.0,6.0,0,1,1,0,0,1,0,0,0,0,0,1,0,0,0,0,0,0,1,0,0,0,0,0,1,1,1,1,0,1,0,0,1,0,0,0,0,0,0,0,0,1,0
22,Q9BWT3,736,12,28,66,46,59,67,48,44,37,14,20,24,42,52,39,44,6,9,45,34,9.21112060546875,0.06929347826086958,-0.4123641304347828,54.94293478260882,6.0,2.0,2.0,0.0,0.0,29.0,1.0,8.0,0,1,1,1,0,1,0,0,0,0,0,0,0,1,0,0,0,0,1,0,0,0,0,1,1,0,0,0,0,1,0,0,0,0,0,1,0,1,0,0,0,1,0
14253,P10319,362,6,6,28,12,25,25,18,27,39,15,9,19,5,9,20,25,5,11,30,28,5.89666748046875,0.08839779005524863,-0.476243093922652,40.975745856353576,4.0,,,,,,,,0,0,1,0,0,1,0,0,0,0,1,1,0,0,0,0,0,1,1,0,0,0,0,0,0,0,0,1,0,0,0,0,1,0,0,0,1,0,1,0,1,1,0
8802,Q86VQ6,643,9,21,60,36,53,40,28,36,39,23,14,28,22,44,25,45,19,6,30,64,,,,,8.0,0.0,0.0,0.0,0.0,11.0,0.0,5.0,1,0,1,0,0,1,0,0,1,0,1,1,0,0,1,0,0,0,1,0,0,0,0,0,1,0,0,0,1,1,0,0,0,0,1,1,0,0,0,0,0,1,0
9581,Q9GZN2,237,4,6,34,5,12,25,26,11,14,3,3,12,9,12,11,15,2,2,15,16,7.77288818359375,0.04641350210970464,-0.4772151898734178,58.43333333333334,2.0,0.0,0.0,0.0,0.0,9.0,0.0,0.0,0,1,0,0,0,1,0,0,0,1,0,0,0,0,0,0,1,0,0,0,0,0,0,0,1,0,1,0,0,0,0,0,1,0,0,0,0,0,0,0,0,0,0
18279,Q9BXG8,430,14,9,40,23,17,33,14,23,24,5,12,35,35,50,15,49,4,3,14,11,7.20660400390625,0.03953488372093023,-0.9581395348837194,52.65534883720933,3.0,0.0,1.0,0.0,0.0,1.0,0.0,0.0,0,0,0,0,0,1,1,0,0,0,0,0,0,0,0,0,0,0,0,0,0,0,0,0,1,0,0,1,0,0,0,0,1,0,1,1,0,0,0,0,0,0,0
1519,O94822,1766,35,79,257,95,99,167,75,95,91,47,35,70,69,134,83,135,47,30,59,64,5.89300537109375,0.08833522083805209,-0.1101359003397502,46.28398074745218,22.0,1.0,1.0,0.0,0.0,10.0,0.0,11.0,0,1,0,0,0,1,0,0,0,0,0,0,1,1,0,0,1,0,0,0,0,0,0,0,0,0,0,1,0,0,0,0,0,1,1,1,0,0,0,0,0,0,1
13789,P15954,63,2,5,8,1,5,6,3,4,3,2,2,2,2,4,0,3,1,1,5,4,10.28643798828125,0.12698412698412698,-0.07777777777777771,74.45079365079364,,1.0,0.0,0.0,0.0,2.0,0.0,2.0,0,0,0,0,0,1,0,0,0,0,0,0,0,0,0,0,0,0,0,0,0,0,0,0,1,0,0,0,0,0,0,0,0,0,0,0,0,0,1,1,1,0,0
15325,Q8IWP9,274,6,6,35,4,15,27,13,13,22,2,6,15,11,21,10,24,3,3,20,18,9.31585693359375,0.040145985401459854,-0.6416058394160581,49.09379562043794,2.0,1.0,0.0,0.0,0.0,7.0,0.0,0.0,0,0,0,0,0,1,1,0,0,0,0,0,0,0,0,0,0,0,0,0,0,0,0,0,0,0,0,1,0,0,0,0,0,0,0,0,0,1,0,0,0,0,0
20046,P62993,217,5,17,14,9,14,11,11,5,12,7,6,11,13,16,18,14,2,5,12,15,5.88726806640625,0.13364055299539168,-0.6677419354838713,37.930414746543775,3.0,6.0,2.0,0.0,0.0,10.0,0.0,7.0,0,1,1,0,0,1,0,0,0,0,0,1,0,0,0,0,0,0,1,0,0,0,0,0,1,0,1,0,0,0,0,0,0,0,0,0,0,0,0,0,0,1,0
18630,Q5TH74,334,7,21,16,13,12,40,41,18,21,13,5,14,20,32,10,9,8,2,12,20,9.78558349609375,0.10778443113772454,-0.6514970059880236,55.170988023952106,5.0,0.0,1.0,0.0,0.0,6.0,0.0,0.0,0,1,0,0,0,1,0,0,0,0,0,0,0,0,0,0,0,0,0,0,0,0,0,0,1,0,0,1,0,0,0,0,0,1,0,1,0,0,0,0,0,0,0
6534,O60774,539,19,35,50,27,35,42,32,36,27,23,8,17,19,31,30,28,10,13,22,35,5.98712158203125,0.13172541743970315,-0.13710575139146602,36.58853432282001,12.0,0.0,0.0,0.0,0.0,2.0,0.0,1.0,0,0,0,1,0,1,0,0,0,0,0,0,0,0,0,0,0,0,0,0,0,0,0,0,0,0,0,1,0,1,0,0,0,0,0,0,0,0,0,0,1,0,0
3787,P58397,1594,30,45,115,65,83,135,116,104,66,36,51,76,67,95,66,101,87,38,88,130,8.24700927734375,0.07465495608531995,-0.5750941028858222,50.686957340025494,22.0,3.0,1.0,0.0,0.0,14.0,0.0,0.0,1,1,0,0,0,1,0,1,0,0,1,1,0,0,0,0,0,1,0,0,0,0,0,1,0,1,0,1,0,0,0,1,1,0,0,1,1,0,0,0,0,0,0
15125,Q9Y271,337,12,27,35,25,34,26,12,21,15,15,11,9,15,25,10,7,13,2,11,12,9.43084716796875,0.13056379821958458,0.4145400593471813,32.330563798219586,3.0,0.0,0.0,0.0,0.0,8.0,0.0,0.0,0,0,0,0,0,1,0,0,0,0,1,0,0,0,0,0,0,1,0,0,0,0,0,0,0,0,0,0,0,0,0,0,0,0,0,1,0,0,1,0,1,0,0
11986,O43312,755,19,16,53,32,33,101,73,48,53,16,15,42,16,41,40,50,10,6,45,46,6.47222900390625,0.05033112582781457,-0.6872847682119211,66.70251655629167,16.0,4.0,0.0,0.0,0.0,29.0,0.0,0.0,0,1,0,0,0,1,1,1,0,0,0,1,0,0,0,0,0,0,1,0,0,0,0,0,1,0,0,1,0,0,0,0,0,0,0,1,0,0,0,0,0,0,0
12081,P01706,119,2,2,10,3,6,20,6,9,9,8,2,7,2,4,5,2,3,3,3,13,6.69049072265625,0.1092436974789916,-0.2680672268907562,41.508403361344534,1.0,,,,,,,,0,0,0,0,0,1,0,0,0,0,1,1,0,0,0,0,0,0,0,0,0,0,0,0,1,0,0,0,1,0,0,0,0,0,0,1,1,0,0,0,0,0,0
17379,Q9NTK5,396,7,23,28,33,24,16,24,13,27,11,9,14,16,44,26,30,4,5,13,29,7.63897705078125,0.09848484848484848,-0.40050505050505103,30.371742424242417,5.0,6.0,2.0,0.0,0.0,6.0,1.0,7.0,0,1,1,1,0,1,0,0,0,0,0,1,0,0,0,0,0,0,1,0,0,0,0,1,1,1,1,1,0,1,0,0,0,0,0,1,0,0,0,0,0,0,0
16623,O75448,989,34,36,141,51,55,84,40,55,80,13,25,44,36,61,42,64,26,18,39,45,6.51348876953125,0.06774519716885744,0.005561172901921152,47.2065824064714,16.0,0.0,0.0,0.0,0.0,20.0,0.0,11.0,0,1,0,0,0,1,0,0,0,0,0,0,0,1,0,0,0,0,0,0,0,0,0,0,1,1,0,1,0,0,0,0,0,0,0,1,0,0,0,0,0,0,0
18545,Q8NFT2,490,11,29,60,42,38,41,23,19,30,22,12,16,22,20,11,26,5,10,28,25,9.27728271484375,0.12448979591836735,0.22408163265306105,44.64432653061225,6.0,0.0,0.0,0.0,0.0,5.0,0.0,2.0,0,1,0,0,0,1,0,0,0,0,0,1,0,0,0,0,0,0,0,0,0,0,0,1,1,0,0,1,0,0,0,0,0,0,0,1,0,0,0,0,1,0,0
19039,Q6ZRU5,148,2,6,8,2,13,8,11,12,12,4,1,6,4,8,3,2,14,9,14,9,9.72369384765625,0.1283783783783784,-0.18918918918918906,42.17770270270269,1.0,,,,,,,,0,0,0,0,0,1,0,0,0,0,0,0,0,0,0,0,0,0,0,0,0,0,0,0,0,0,0,0,0,0,0,0,0,0,0,1,1,0,0,0,0,0,0
358,P20339,215,5,10,15,9,13,15,9,14,24,5,2,13,16,13,9,13,4,2,11,13,8.31781005859375,0.07906976744186046,-0.42790697674418615,28.934883720930237,2.0,1.0,2.0,0.0,0.0,9.0,0.0,3.0,0,1,1,0,0,1,0,0,0,0,0,0,0,0,0,0,0,0,1,0,0,1,0,0,0,1,1,0,0,1,0,0,0,0,0,1,0,0,0,0,0,1,0
15718,S4R3P1,24,1,1,5,3,1,3,0,1,0,0,0,1,0,1,2,1,1,0,2,1,5.87445068359375,0.04166666666666666,0.5625,74.08750000000002,,,,,,,,,0,0,0,0,0,1,0,0,0,0,0,0,0,0,0,0,0,0,0,0,0,0,0,0,0,0,0,0,0,0,0,0,0,0,0,0,0,0,0,0,0,0,0
14761,P04141,144,5,5,19,6,6,12,11,12,9,2,3,9,4,6,4,13,5,3,6,4,5.20794677734375,0.06944444444444445,-0.21458333333333335,68.78472222222221,3.0,0.0,0.0,0.0,0.0,3.0,0.0,0.0,0,0,1,0,0,1,0,0,0,0,1,0,0,0,0,0,0,1,1,0,0,0,0,0,0,0,0,1,0,0,0,0,0,0,0,1,1,0,0,0,0,1,0
15693,Q7Z4H8,507,12,19,61,18,36,29,35,18,28,28,11,24,15,36,26,38,7,7,32,27,8.41619873046875,0.10650887573964496,-0.4289940828402369,48.89138067061147,8.0,0.0,0.0,1.0,0.0,13.0,0.0,1.0,0,1,0,0,0,1,0,0,0,0,0,0,0,1,0,0,0,1,0,0,0,0,0,0,0,1,0,1,0,0,0,0,0,1,0,1,1,0,0,0,0,0,0
2122,A0PG75,271,4,17,28,19,16,19,19,16,14,6,3,13,15,12,14,13,11,4,9,19,5.12469482421875,0.0996309963099631,0.006642066420664189,38.829889298892994,3.0,,,,,,,,0,1,0,0,0,1,0,0,0,0,0,0,0,0,0,0,0,0,0,0,0,0,0,0,0,0,0,1,0,0,0,0,1,0,0,1,0,0,0,0,0,0,0
1977,Q8NEB9,887,27,32,102,37,59,63,46,43,46,37,18,45,35,72,58,61,12,11,41,42,6.36724853515625,0.09019165727170236,-0.44272829763246746,43.281623449831066,13.0,3.0,3.0,0.0,0.0,29.0,2.0,9.0,0,0,1,0,0,1,0,0,0,0,0,1,0,0,0,0,0,0,1,0,0,0,0,0,1,0,0,0,0,0,0,0,0,0,0,1,0,0,0,0,0,1,0
11829,O75409,117,4,3,8,2,8,15,4,7,3,1,1,7,13,5,11,10,2,0,11,2,4.92633056640625,0.034188034188034185,-1.2111111111111112,47.45726495726494,1.0,0.0,0.0,0.0,0.0,7.0,0.0,0.0,0,0,0,0,0,1,0,0,0,0,0,0,0,1,0,0,0,0,0,0,0,0,0,0,0,0,0,1,0,0,0,0,0,0,0,0,0,0,0,0,0,0,0
78,B7ZAP0,253,7,4,28,11,8,15,5,17,22,2,3,21,8,29,11,38,4,2,12,6,5.28057861328125,0.031620553359683785,-0.8885375494071142,48.33478260869565,,0.0,0.0,0.0,0.0,1.0,0.0,0.0,0,0,0,0,0,1,1,0,0,0,0,0,0,0,0,0,0,0,0,0,0,0,0,0,0,0,0,0,0,0,0,0,0,0,0,1,0,0,0,0,0,0,0
