counter,refseq_id,G_mrna,A_mrna,C_mrna,T_mrna,length_mrna,GC_content_mrna,length_cds,length_prop_cds,A_cds,C_cds,T_cds,G_cds,AA_cds,AC_cds,AG_cds,AT_cds,CA_cds,CC_cds,CG_cds,CT_cds,GA_cds,GC_cds,GG_cds,GT_cds,TA_cds,TC_cds,TG_cds,TT_cds,kozak_cds,length_utr5,length_prop_utr5,A_utr5,C_utr5,T_utr5,G_utr5,uORF_utr5,AA_utr5,AC_utr5,AG_utr5,AT_utr5,CA_utr5,CC_utr5,CG_utr5,CT_utr5,GA_utr5,GC_utr5,GG_utr5,GT_utr5,TA_utr5,TC_utr5,TG_utr5,TT_utr5,M_utr5,MFE,MFE_win10,MFE_win20,MFE_win30,MFE_win40,MFE_win60,MFE_win80,length_utr3,length_prop_utr3,A_utr3,C_utr3,T_utr3,G_utr3,AA_utr3,AC_utr3,AG_utr3,AT_utr3,CA_utr3,CC_utr3,CG_utr3,CT_utr3,GA_utr3,GC_utr3,GG_utr3,GT_utr3,TA_utr3,TC_utr3,TG_utr3,TT_utr3,AA_mrna,AC_mrna,AG_mrna,AT_mrna,CA_mrna,CC_mrna,CG_mrna,CT_mrna,GA_mrna,GC_mrna,GG_mrna,GT_mrna,TA_mrna,TC_mrna,TG_mrna,TT_mrna,signal_polya,CAI,tAI,RCBS,RCBS_PC,variation_fc,misc_RNA_fc,ncRNA_fc,precursor_RNA_bs,misc_feature_fc,sig_peptide_fc,STS_fc,regulatory_fc,mat_peptide_fc,exon_fc,proprotein_bs,transit_peptide_fc
31819,NM_001843,1167,1783,1031,1683,5664,0.3880649717514124,3057,0.5397245762711864,944,633,776,704,156,76,109,125,115,82,22,95,123,73,99,68,83,88,111,103,0,227,0.04007768361581921,55,49,48,75,0,9,4,14,3,5,7,5,7,7,11,11,9,4,2,7,8,0,-76.3,0.0,-0.1,-0.1,-1.9,-2.6,-6.6,2380,0.4201977401129944,784,349,859,388,150,58,66,111,64,33,8,66,62,21,34,66,123,66,97,165,291,145,203,248,202,119,39,154,192,100,124,145,211,152,240,266,51.471455990215,0.7440000000000001,0.230387985823159,0.13079323643686647,0.12770782522242508,1251,0,0,0,26,1,7,1,1,24,0,0
41740,NM_022107,373,351,454,294,1472,0.5618206521739131,483,0.328125,96,182,74,131,8,14,25,3,19,40,8,23,17,19,19,8,1,19,16,2,1,373,0.2533967391304348,100,96,89,88,1,16,8,11,18,11,21,2,10,13,9,17,6,7,13,13,11,1,-108.0,-0.8,-5.4,-5.4,-5.4,-9.9,-13.6,616,0.4184782608695653,155,176,131,154,25,17,24,11,22,36,4,26,22,12,30,12,9,23,20,15,53,35,55,26,53,101,14,63,60,34,70,23,16,51,47,34,7.457849563564999,0.826,0.32445768236820194,0.5183708474378463,0.3063776588901241,344,0,0,0,7,0,0,0,0,8,0,0
1060,NM_001001888,416,337,260,170,1183,0.5714285714285714,741,0.6263736263736264,220,172,68,281,25,24,62,2,13,35,12,6,67,29,35,5,2,18,35,0,0,307,0.2595097210481826,74,53,75,105,3,4,3,16,5,13,4,6,6,21,7,15,11,7,10,14,11,3,-95.2,0.0,-2.0,-7.4,-8.2,-14.4,-19.7,135,0.11411665257819105,43,35,27,30,9,5,3,5,4,6,2,4,5,4,4,1,2,4,7,2,37,27,86,11,32,45,21,16,94,42,51,20,12,32,51,14,1.9532136933200002,0.836,0.36931768324118,0.920975846646212,0.6320431567845295,542,0,0,0,3,0,5,1,0,3,0,0
34902,NM_005189,1314,849,1280,822,4265,0.6082063305978898,1599,0.3749120750293083,360,534,203,502,46,26,72,17,91,106,37,43,56,91,77,42,5,34,50,6,1,58,0.013599062133645956,2,18,6,32,0,0,0,0,0,1,1,6,3,1,6,7,3,0,0,0,0,0,-31.9,0.0,-6.1,-13.5,-25.4,-31.9,-31.9,2608,0.6114888628370457,487,728,613,780,52,48,105,37,87,134,28,119,71,107,136,79,35,71,118,77,89,97,201,55,144,254,69,165,133,187,226,97,41,110,174,90,,0.858,0.406851614434752,0.2426883981139609,0.21832524111399126,1274,0,0,0,6,0,2,1,0,5,0,0
23853,NM_001329676,1279,1816,1124,1892,6111,0.3932253313696613,3594,0.5881197839960727,1089,685,1078,742,163,87,155,146,128,71,17,144,132,61,71,95,115,106,140,166,0,646,0.10571101292750776,138,178,115,215,1,18,16,35,11,9,27,29,15,20,41,29,14,11,14,17,16,1,-279.2,0.0,-2.0,-3.5,-3.5,-5.0,-7.7,1871,0.3061692030764196,589,261,699,322,106,43,49,94,54,28,0,39,51,29,27,59,85,40,80,151,290,138,205,259,207,122,47,187,216,136,125,172,211,165,252,323,,0.69,0.297997030797351,0.1399391768371836,0.13495668526963778,1350,0,0,0,1,0,0,0,0,16,0,0
43634,NM_032510,990,922,974,961,3847,0.51052768390954,1131,0.29399532102937354,205,373,179,374,21,35,35,19,39,52,66,39,29,59,62,26,6,31,34,12,0,166,0.043150506888484534,20,62,9,75,0,1,1,5,0,4,15,12,4,7,11,18,1,0,0,2,1,0,-97.3,0.0,-6.2,-8.2,-10.8,-22.6,-41.7,2550,0.6628541720821419,697,539,773,541,113,70,93,84,89,64,25,94,64,65,63,58,71,68,110,144,131,102,132,103,134,132,87,123,112,161,131,80,77,103,155,160,3.889665268078,0.8029999999999999,0.331395348778555,0.17738673591605816,0.12120324774304958,1096,0,0,0,6,0,3,0,0,3,0,0
2899,NM_001037582,752,740,772,844,3108,0.4903474903474904,993,0.3194980694980695,197,299,223,274,23,21,25,24,36,43,28,37,36,51,34,20,8,40,46,24,0,320,0.10296010296010297,53,130,40,97,0,7,4,11,3,8,28,9,15,10,29,17,2,2,9,2,3,0,-129.7,0.0,-4.4,-10.8,-12.4,-28.1,-28.9,1795,0.5775418275418276,490,343,581,381,84,35,66,61,59,38,11,49,44,56,34,63,56,57,73,111,109,62,94,97,101,118,55,116,103,114,91,75,64,88,129,137,,0.836,0.32305739693004,0.17547231113523545,0.14097038448359056,854,0,0,0,11,0,7,0,0,5,0,0
25035,NM_001346350,1532,1391,1631,1472,6026,0.524892134085629,1443,0.2394623299037504,374,360,362,347,44,41,50,46,66,61,4,52,58,31,53,38,24,44,60,49,1,898,0.14902090939263193,199,250,205,244,1,29,28,25,11,26,33,23,45,27,36,38,19,23,25,38,22,1,-295.7,0.0,-1.1,-5.3,-9.3,-12.4,-16.5,3685,0.6115167607036177,818,1021,905,941,108,83,146,67,119,198,16,165,114,126,142,99,72,116,156,115,184,136,233,135,232,273,51,277,181,196,240,143,105,192,248,186,,0.789,0.310120230117229,0.2033424236836832,0.18543413369695871,1633,0,0,0,1,0,0,0,0,19,0,0
17359,NM_001290229,1147,1913,1017,2120,6197,0.3492012263998709,939,0.15152493141842827,266,204,276,193,42,27,30,34,40,19,8,36,31,23,21,26,19,32,33,48,0,169,0.027271260287235758,17,58,22,72,0,0,3,9,2,1,7,9,10,2,17,14,4,0,3,3,0,0,-86.8,0.0,0.0,-5.9,-15.7,-21.0,-40.4,5089,0.8212038082943359,1630,755,1822,882,305,111,163,275,135,68,7,156,117,76,98,140,218,134,183,358,331,139,178,275,215,101,32,171,159,111,123,196,285,146,225,411,,0.696,0.29344365078711404,0.2736406587419591,0.20781900794869654,1359,0,0,0,3,0,12,1,0,8,0,0
40383,NM_018622,383,370,292,381,1426,0.473352033660589,1140,0.7994389901823282,300,236,309,295,46,27,37,40,38,25,13,29,40,36,47,31,26,43,44,48,1,62,0.043478260869565216,11,8,12,31,0,1,0,2,0,3,0,1,0,3,2,7,4,1,1,4,1,0,-15.3,0.0,0.0,-6.5,-6.5,-14.9,-15.3,224,0.1570827489481066,59,48,60,57,11,3,10,5,5,9,3,4,8,6,6,6,6,9,12,9,58,30,49,45,46,34,17,33,51,44,60,41,33,53,60,58,21.650976663156673,0.713,0.281171589094515,0.17114432130543644,0.14753787733620172,507,0,0,0,11,0,0,0,2,10,0,1
38644,NM_015503,1521,918,1418,1019,4876,0.6027481542247745,2016,0.41345365053322397,335,673,399,609,27,40,74,31,56,149,39,94,69,68,117,50,11,78,75,30,0,2102,0.4310910582444627,410,530,487,675,7,52,40,91,37,50,89,37,94,64,63,137,54,24,67,91,60,8,-891.4,0.0,-3.1,-6.0,-12.2,-13.2,-17.5,758,0.1554552912223134,173,215,133,237,25,12,31,13,29,54,6,14,28,31,47,22,10,15,25,17,104,92,196,81,135,292,82,202,161,162,301,126,45,160,191,107,63.085191121099996,0.81,0.346230862039207,0.2190409785445202,0.20101062547222748,1492,0,0,0,19,0,2,2,0,9,0,0
37915,NM_014647,1768,2138,1762,2092,7760,0.4548969072164949,5229,0.6738402061855671,1456,1311,1305,1157,243,149,206,153,199,185,65,193,170,174,103,149,92,161,187,185,0,207,0.02667525773195876,49,31,26,101,1,11,0,10,3,2,1,11,3,12,12,21,6,0,1,7,3,1,-55.2,0.0,0.0,-2.9,-5.2,-5.2,-13.38,2324,0.2994845360824742,633,420,761,510,107,48,86,76,79,49,14,75,66,42,63,82,64,64,94,153,354,191,286,215,329,235,85,251,237,192,209,225,172,244,323,331,7.950237393418999,0.75,0.27156010313768303,0.12618449331152082,0.1252950319355981,2156,0,0,0,20,0,1,0,0,27,0,0
26808,NM_001350313,843,1132,788,953,3716,0.4389128094725511,2244,0.6038751345532831,732,499,452,561,125,70,115,54,90,76,13,66,115,57,65,58,38,51,73,56,0,215,0.05785791173304629,47,49,61,58,2,5,2,9,4,12,4,1,10,7,8,9,5,3,8,9,11,2,-62.0,0.0,-6.1,-7.4,-9.8,-13.6,-20.2,1257,0.3382669537136706,353,240,440,224,61,36,37,42,41,30,3,53,36,20,25,31,38,27,47,101,181,114,171,105,145,89,32,123,137,97,95,77,98,99,138,156,,0.769,0.3180176016345,0.1967239016352027,0.1898802772307404,950,0,0,0,26,0,0,0,0,17,0,0
7558,NM_001160005,441,446,407,344,1638,0.5177045177045178,624,0.3809523809523809,199,143,127,155,43,12,21,22,24,17,7,24,27,25,20,19,7,17,16,11,0,517,0.3156288156288156,86,178,57,196,0,9,10,21,4,12,32,31,11,21,35,33,8,0,15,13,3,0,-259.9,0.0,-3.8,-6.5,-16.5,-20.4,-24.0,497,0.3034188034188034,161,86,160,90,32,8,11,24,16,7,1,15,19,10,6,10,18,22,27,22,78,37,70,43,47,60,55,48,61,58,53,35,31,42,55,45,,0.7829999999999999,0.335903126618297,0.28818874577429604,0.2133533243109791,463,0,0,0,3,0,3,1,0,5,0,0
18550,NM_001302545,596,381,472,396,1845,0.5788617886178862,1308,0.7089430894308943,279,336,263,430,25,44,51,25,47,54,15,44,50,49,76,41,12,29,72,20,0,123,0.06666666666666668,15,38,23,47,0,1,3,5,1,1,5,6,4,3,8,8,4,0,5,5,2,0,-47.0,0.0,-2.7,-6.5,-11.6,-23.0,-29.0,414,0.22439024390243906,87,98,110,119,15,9,19,4,7,18,1,26,11,11,24,12,7,8,17,18,41,56,75,30,55,77,22,74,64,68,108,57,19,42,94,40,,0.8009999999999999,,0.19987699803968012,0.17513786048572544,515,0,0,0,18,0,1,1,0,11,0,0
44297,NM_033661,502,308,409,335,1554,0.5862290862290862,1239,0.7972972972972973,242,344,250,403,19,29,49,16,48,44,33,49,49,62,63,40,12,35,44,27,0,88,0.056628056628056624,12,23,14,39,0,0,4,4,0,2,0,3,3,1,8,7,3,1,2,5,0,0,-34.2,0.0,-2.1,-4.8,-9.8,-13.0,-33.6,227,0.14607464607464607,54,42,71,60,10,4,4,7,2,6,5,6,10,5,6,14,6,8,10,10,30,38,58,24,53,45,45,62,58,75,75,50,17,45,65,36,,0.813,0.373277823856811,0.19366899074039295,0.17336215162668522,709,0,0,0,17,0,2,0,0,12,0,0
34828,NM_005107,782,827,652,885,3146,0.455816910362365,1107,0.3518753973299428,305,233,275,294,49,24,48,27,34,33,13,40,49,27,43,26,25,29,44,42,1,96,0.030514939605848695,13,22,12,49,1,1,2,3,1,3,2,7,2,0,4,13,3,1,0,5,0,2,-39.0,0.0,-5.7,-7.8,-11.8,-25.5,-37.2,1943,0.6176096630642085,509,397,598,439,82,42,74,64,56,49,5,71,59,49,56,48,50,76,92,98,120,67,122,93,106,79,31,134,110,82,109,92,88,74,126,139,3.714128288187143,0.78,0.310240771700255,0.21487014371773827,0.19190985869676802,789,0,0,0,5,0,4,0,1,6,0,1
47435,NM_173698,659,1149,515,1038,3361,0.3493008033323416,747,0.22225528116631954,347,105,127,168,88,7,48,25,26,11,5,9,47,11,14,13,17,25,16,11,1,506,0.15055043141922048,161,84,137,124,2,30,9,23,21,14,8,4,21,19,10,18,10,13,10,22,20,2,-120.5,0.0,-1.1,-5.0,-6.2,-10.7,-13.1,2108,0.6271942874144599,641,326,774,367,115,49,52,105,58,30,8,62,46,41,27,69,101,48,97,146,236,76,118,146,95,49,15,90,115,65,57,96,126,76,136,184,3.728166274,0.777,0.3525834997514221,0.5345026420131027,0.4103182225162632,575,0,0,0,1,0,2,0,0,4,0,0
17331,NM_001290189,913,667,1071,959,3610,0.5495844875346261,969,0.2684210526315789,132,356,222,259,8,29,13,18,32,69,28,46,10,39,47,31,13,44,44,13,0,681,0.1886426592797784,121,220,131,209,0,9,19,32,7,17,41,21,33,15,33,37,22,12,15,12,15,0,-287.0,0.0,-4.2,-4.7,-9.3,-12.3,-18.1,1960,0.5429362880886427,414,495,606,445,71,30,61,31,54,86,20,80,49,57,63,47,47,82,85,117,96,72,90,51,105,190,78,156,91,144,133,82,65,136,162,153,,0.8270000000000001,0.399604432922695,0.2733409832215841,0.19914722602054824,1162,0,0,0,12,0,14,0,0,3,0,0
29271,NM_001353490,714,1084,715,1090,3603,0.3966139328337496,852,0.2364696086594505,264,195,221,172,44,20,37,34,37,27,2,21,32,22,21,18,16,39,19,37,0,256,0.07105190119344991,64,62,66,64,0,9,6,10,6,7,11,3,7,11,8,6,11,5,9,8,10,0,-74.6,0.0,-0.4,-8.4,-16.0,-21.0,-25.0,2495,0.6924784901470996,756,458,803,478,134,61,83,110,74,53,11,85,69,42,60,64,90,79,89,143,201,76,140,112,127,94,16,140,120,58,76,95,107,110,132,197,,0.7829999999999999,0.229231583296194,0.30318140616092504,0.2518793590357833,1217,0,0,0,2,0,0,0,0,11,0,0
5782,NM_001134649,1220,1816,1203,1970,6209,0.3902399742309551,357,0.05749718151071026,112,63,81,101,21,10,18,8,7,9,7,6,17,9,11,10,9,6,18,12,0,459,0.07392494765662748,89,145,88,137,1,6,7,28,7,18,21,19,16,9,29,14,10,8,14,13,10,1,-180.6,0.0,-1.4,-1.4,-4.3,-4.3,-10.0,5393,0.8685778708326622,1615,995,1801,982,301,124,162,219,160,121,20,202,161,81,108,126,186,166,216,343,299,150,221,244,200,149,41,205,187,146,122,160,216,163,220,381,,0.691,0.27730754140720504,0.3108456015671319,0.12647702477230682,1370,0,0,0,2,0,6,0,0,8,0,0
41521,NM_021623,1351,1484,1212,1609,5656,0.4531471004243282,1278,0.22595473833097604,316,351,273,338,47,27,44,23,58,57,16,41,53,47,49,26,17,48,54,32,0,234,0.04137199434229137,56,64,16,98,0,7,2,12,0,6,17,11,1,19,9,19,3,1,1,6,2,0,-86.9,0.0,-0.3,-7.9,-16.0,-24.3,-36.4,4144,0.7326732673267327,1112,797,1320,915,187,83,155,138,109,96,18,170,112,104,118,116,141,121,174,230,241,112,211,161,173,170,45,212,184,160,186,145,159,170,234,264,5.867195071034,0.807,,0.1883666154050765,0.17345588588614014,1300,0,0,0,9,0,13,0,0,12,0,0
33846,NM_004055,1195,908,1356,934,4393,0.5806965627134077,1923,0.43774186205326654,423,601,334,565,46,71,69,32,80,100,50,73,63,82,90,53,15,45,68,24,0,185,0.042112451627589344,17,86,20,62,0,0,1,6,0,6,22,10,5,4,14,10,2,0,6,5,1,0,-98.0,0.0,-5.4,-7.7,-14.2,-24.2,-37.9,2285,0.520145686319144,468,669,580,568,55,59,86,55,76,130,17,112,47,70,99,57,34,75,93,77,101,121,136,80,175,237,77,191,140,166,206,101,54,152,162,97,4.164672076456,0.862,0.389699588751055,0.20474373353952052,0.1778834559506446,1116,0,0,0,5,0,5,2,0,13,0,0
28380,NM_001352384,671,427,758,534,2390,0.5979079497907951,555,0.2322175732217573,109,172,104,170,8,17,25,11,18,32,10,21,15,22,34,11,6,20,19,8,0,620,0.2594142259414226,103,183,126,208,1,9,18,16,7,22,28,10,28,20,30,46,11,2,18,29,15,1,-285.2,0.0,-1.2,-3.0,-5.0,-12.2,-21.1,1215,0.5083682008368201,215,403,304,293,23,24,46,18,48,78,14,54,25,48,39,21,8,59,60,42,35,68,76,37,85,137,36,120,71,103,122,52,20,71,89,72,,0.836,0.3696049621629071,0.35259438714529057,0.2281590593856264,675,0,0,0,3,0,0,0,0,5,0,0
11456,NM_001242361,796,1061,654,924,3435,0.4221251819505095,3264,0.9502183406113536,994,627,880,763,163,88,138,123,117,77,13,109,133,68,92,88,69,78,139,137,1,113,0.03289665211062591,38,20,31,24,0,4,1,3,7,6,1,1,4,8,3,3,1,5,3,2,4,0,-19.7,0.0,0.0,-4.1,-6.1,-7.3,-11.5,58,0.016885007278020378,29,7,13,9,12,1,0,1,2,1,1,0,0,1,1,1,1,0,4,3,179,90,141,131,125,79,15,113,141,72,96,90,75,81,145,144,,0.753,0.233265218060134,0.175119294088933,0.17022647826402793,841,0,0,0,2,0,3,2,0,33,0,0
48053,NM_178863,482,340,570,353,1745,0.6028653295128941,990,0.5673352435530086,206,315,167,302,18,32,39,12,38,46,40,40,38,43,43,18,11,30,38,9,0,199,0.11404011461318052,21,59,28,91,1,1,0,7,3,3,10,13,4,5,16,17,5,1,2,11,1,1,-105.3,-0.2,-4.6,-7.8,-11.4,-28.5,-36.9,556,0.3186246418338109,113,196,158,89,22,15,13,12,16,47,8,21,5,15,10,9,8,27,19,31,41,47,59,27,57,103,61,65,48,74,70,32,20,59,68,41,1.856711169236667,0.8140000000000001,0.3933412845933761,0.18861372841625654,0.14785560918427998,523,0,0,0,2,0,3,0,0,6,0,0
39540,NM_017493,166,281,121,299,867,0.3310265282583621,438,0.5051903114186851,153,56,135,94,31,9,19,22,8,4,1,9,20,5,10,13,13,16,16,23,1,67,0.07727797001153403,18,15,22,12,0,2,2,2,2,4,1,1,5,1,0,0,6,2,1,2,2,0,-2.5,0.0,0.0,-1.4,-2.5,-2.5,-2.5,362,0.4175317185697808,110,50,142,60,23,6,9,19,5,9,1,8,7,2,6,13,18,10,16,29,56,17,30,43,17,14,3,22,28,7,16,32,33,27,34,54,3.446458517141,0.7120000000000001,0.250536109765495,0.3088813645283881,0.19655625182896566,0,0,0,0,1,0,0,0,0,7,0,0
37759,NM_014439,179,239,187,182,787,0.4650571791613723,657,0.8348157560355781,185,158,148,166,30,15,27,20,28,22,6,29,23,15,29,12,12,21,24,15,0,42,0.05336721728081322,13,8,16,5,0,3,1,1,2,1,0,1,1,1,0,0,1,1,3,1,3,0,-8.7,0.0,0.0,-8.4,-8.7,-8.7,-8.7,88,0.11181702668360864,41,21,18,8,16,3,0,1,3,2,1,7,2,2,0,1,0,1,2,3,54,19,28,18,26,31,6,27,35,21,22,16,5,25,29,31,,0.79,0.25462821191864005,0.3117449520832469,0.22998425507285924,270,0,0,0,4,0,0,0,1,5,0,0
21553,NM_001321073,762,561,678,437,2438,0.5906480721903199,1656,0.6792452830188679,359,466,273,558,39,45,69,29,63,70,54,41,66,73,94,30,9,50,78,18,0,291,0.11936013125512715,62,104,47,78,1,6,11,13,2,14,20,11,5,7,12,10,10,3,11,4,6,1,-112.0,0.0,-1.1,-3.7,-14.0,-17.2,-24.5,491,0.2013945857260049,140,108,117,126,29,8,16,8,17,13,8,16,25,13,17,11,7,20,19,18,71,63,90,61,98,106,69,73,94,100,129,70,13,63,80,38,15.321453561772499,0.8420000000000001,0.409721343001355,0.17742076864371192,0.15816328994347506,60,0,0,0,6,0,0,0,0,18,0,0
13581,NM_001270393,381,656,337,638,2012,0.3568588469184891,237,0.11779324055666004,85,54,41,57,18,8,15,9,9,8,3,4,6,6,8,2,1,8,9,4,0,581,0.2887673956262425,169,125,156,131,3,32,19,20,16,14,17,10,22,26,7,17,16,10,19,17,28,3,-154.4,0.0,0.0,-3.0,-6.0,-6.3,-11.9,1194,0.5934393638170974,402,158,441,193,88,17,25,61,40,14,1,32,29,14,19,38,54,26,48,91,130,42,51,84,73,34,13,59,74,39,37,49,71,43,80,126,22.10119974212,0.7859999999999999,0.32509270318647304,0.6188391896140746,0.28504295286663583,451,0,0,0,5,0,2,2,0,8,0,0
26148,NM_001349291,759,970,662,1015,3406,0.4172049324721081,1086,0.3188490898414563,337,223,249,277,57,27,45,35,43,29,10,34,53,31,36,22,20,20,44,37,0,222,0.06517909571344686,33,54,51,84,0,7,2,3,1,5,3,13,9,4,14,15,11,3,5,8,7,0,-94.5,0.0,0.0,-0.7,-6.1,-12.2,-17.0,2098,0.6159718144450969,600,385,715,398,106,53,61,81,59,44,13,86,54,27,46,52,80,59,99,129,170,82,109,117,107,76,36,129,111,72,97,85,103,84,151,173,,0.78,0.321901851584523,0.1892830503605636,0.15926178395867452,869,0,0,0,19,0,0,0,0,14,0,0
46056,NM_147150,1805,2206,1658,1826,7495,0.4620413609072715,3273,0.4366911274182789,934,871,582,886,130,85,173,67,150,136,41,110,160,130,112,48,38,83,110,63,1,192,0.02561707805203469,19,74,45,54,0,1,2,8,1,3,19,4,7,1,9,8,7,2,9,9,5,0,-64.3,0.0,-2.2,-2.4,-2.4,-5.9,-10.0,4030,0.5376917945296864,1253,713,1199,865,217,99,151,171,140,83,17,113,147,81,104,109,111,97,152,223,355,178,335,255,290,236,69,232,295,211,231,169,143,205,264,279,,0.799,0.316118244880358,0.20300968895271687,0.20000710537971167,2095,0,0,0,3,0,4,0,0,10,0,0
15936,NM_001284431,1016,1420,890,1596,4922,0.3872409589597725,987,0.2005282405526209,313,172,273,229,50,23,42,36,38,17,5,29,43,16,28,21,31,27,45,42,0,652,0.1324664770418529,166,133,196,157,0,21,17,21,28,23,11,10,27,21,13,21,21,14,21,28,28,0,-188.6,0.0,-0.3,-5.6,-7.4,-7.6,-20.1,3283,0.6670052824055263,941,585,1127,630,169,65,109,107,101,62,12,122,89,66,67,93,131,95,127,226,226,109,183,210,148,102,29,169,151,89,118,142,167,142,185,290,,0.703,0.299002178706568,0.17280107061118244,0.13476780839680624,1154,0,0,0,6,0,3,0,0,12,0,0
13437,NM_001267551,274,175,327,184,960,0.6260416666666667,645,0.671875,120,217,131,177,8,24,17,12,20,35,11,33,23,36,26,14,7,23,24,9,0,77,0.08020833333333334,4,28,12,33,0,0,0,2,1,0,7,2,4,1,6,9,3,0,1,1,1,0,-43.1,-1.6,-2.1,-12.1,-19.9,-36.9,-43.1,238,0.2479166666666667,51,82,41,64,11,3,6,4,10,20,4,10,5,14,10,2,1,1,13,5,22,21,26,14,34,62,33,47,24,42,47,10,12,24,45,16,,0.825,0.3564558976951239,0.3193200613543581,0.2048545052888131,360,0,0,0,2,0,1,0,0,7,0,0
38954,NM_016033,713,914,563,874,3064,0.4164490861618799,945,0.30842036553524804,286,201,235,223,57,26,36,28,34,18,9,38,25,35,34,19,22,23,31,37,1,160,0.05221932114882506,29,40,28,63,0,3,1,6,1,5,6,9,2,6,7,11,6,2,4,7,3,0,-72.2,0.0,-5.1,-6.5,-13.9,-15.1,-20.8,1959,0.6393603133159269,599,322,611,427,101,44,54,90,72,34,6,62,63,35,65,55,73,35,84,106,166,79,113,110,91,60,25,93,86,79,102,85,101,76,121,144,4.125280543026728,0.7240000000000001,0.349396989723772,0.2498886041081461,0.20552840825536656,924,0,0,0,8,0,2,0,0,10,0,0
21046,NM_001320247,763,420,740,460,2383,0.6307175828787243,1842,0.7729752412924885,317,546,341,638,19,43,73,23,73,92,42,70,47,95,113,52,20,39,103,17,1,217,0.09106168694922366,33,85,26,73,0,2,3,8,1,10,19,8,4,7,16,13,1,0,6,6,4,0,-95.8,-0.1,-2.4,-5.7,-9.7,-12.7,-21.6,324,0.13596307175828787,70,109,93,52,17,10,7,4,5,23,2,20,4,7,10,6,6,19,6,16,38,56,88,28,88,134,52,94,58,118,136,59,26,64,115,37,,0.7979999999999999,,0.2158848587406923,0.1939171919267313,799,0,0,0,5,1,0,1,1,7,0,0
12285,NM_001253379,664,728,633,718,2743,0.4728399562522786,615,0.2242070725483048,148,169,135,163,20,14,20,18,26,26,14,18,16,27,24,25,13,18,13,15,1,652,0.2376959533357637,124,215,96,217,1,11,17,30,5,24,28,27,26,25,47,32,10,1,18,13,11,1,-282.4,0.0,-0.3,-0.3,-7.0,-8.4,-14.8,1476,0.5380969741159315,456,249,487,284,82,32,56,60,45,24,4,55,37,31,31,42,62,34,52,91,112,67,111,76,88,81,53,101,84,83,91,57,78,79,94,116,,0.76,0.340921428309399,0.3749351225489752,0.21711234144872105,843,0,0,0,5,0,0,0,0,4,0,0
49341,NM_199453,339,318,376,407,1440,0.4965277777777778,1137,0.7895833333333333,238,296,335,268,22,30,28,42,42,37,12,47,28,40,41,29,23,51,49,47,1,47,0.03263888888888889,11,13,15,8,0,1,3,0,2,2,2,0,0,1,1,1,0,1,3,3,3,0,-6.9,0.0,0.0,0.0,-5.6,-6.9,-6.9,256,0.17777777777777778,69,67,57,63,7,9,8,6,17,8,1,7,11,6,9,4,4,11,15,5,38,34,35,43,61,46,16,77,43,39,46,36,25,57,77,46,,0.7859999999999999,0.341554613010392,0.16523587757176394,0.14204936653728018,491,0,0,0,9,0,2,0,0,7,0,0
28130,NM_001352060,603,396,675,344,2018,0.6333002973240832,783,0.38800792864222,169,251,142,221,16,27,23,14,27,40,25,28,37,29,28,22,9,35,28,3,0,646,0.3201189296333003,115,238,99,194,1,8,19,20,7,31,44,29,19,16,33,32,14,6,19,17,8,2,-273.6,0.0,0.0,-2.6,-5.3,-12.2,-18.2,589,0.2918731417244797,112,186,103,188,12,9,27,6,22,41,5,25,19,31,32,13,4,12,29,7,38,61,63,29,79,118,67,72,68,91,95,51,20,69,72,15,,0.858,0.376742738567378,0.21277004830206425,0.14255360922076446,799,0,0,0,7,0,0,0,0,8,0,0
14162,NM_001276266,289,233,333,256,1111,0.5598559855985599,1032,0.9288928892889288,205,303,245,279,14,40,32,30,40,45,8,43,24,43,43,20,11,39,66,18,1,29,0.026102610261026102,6,16,4,3,0,0,2,1,1,2,4,0,1,0,1,0,0,0,1,1,0,0,-0.5,0.0,0.0,-0.5,-0.5,-0.5,-0.5,50,0.045004500450045004,22,14,7,7,9,2,0,0,1,4,1,1,1,0,2,0,0,1,1,2,23,44,33,31,43,53,9,45,25,44,45,20,11,41,68,20,,0.838,0.330525151696955,0.33017005350654993,0.26993861153083154,374,0,0,0,6,0,0,0,0,6,0,0
32144,NM_002181,639,361,668,406,2074,0.6301832208293153,1236,0.5959498553519769,208,408,214,406,10,34,37,19,49,70,46,36,36,67,70,28,13,36,52,15,0,49,0.02362584378013501,6,27,4,12,0,0,0,2,0,1,9,2,2,2,2,2,0,0,2,0,0,0,-11.8,0.0,-7.6,-8.1,-11.0,-11.8,-11.8,789,0.38042430086788814,147,233,188,221,14,23,30,14,19,47,11,34,21,26,41,13,11,26,38,26,29,53,60,34,78,115,52,97,64,108,109,50,13,50,87,37,,0.8390000000000001,0.372222997682169,0.2255202199617239,0.1808326053251179,664,0,0,0,9,1,4,1,3,3,0,0
23485,NM_001324362,599,797,615,770,2781,0.4365336209996405,1209,0.4347357065803668,355,265,306,283,56,27,57,47,41,40,5,49,51,24,34,26,19,39,52,37,0,282,0.10140237324703344,84,60,76,62,1,16,5,10,5,13,6,1,14,15,2,8,7,3,12,11,12,1,-65.2,0.0,-1.4,-1.4,-1.5,-10.6,-11.6,1290,0.4638619201725998,358,290,388,254,69,31,33,41,46,43,6,45,31,35,35,37,38,41,42,72,136,75,89,89,98,90,17,90,110,71,71,64,64,83,106,137,,0.7979999999999999,0.264133485925206,0.2715098587301046,0.2441338154705144,803,0,0,0,3,0,0,0,0,13,0,0
38823,NM_015859,1217,1890,1045,2184,6336,0.3570075757575757,1131,0.17850378787878787,373,250,250,258,42,36,69,49,64,24,6,26,41,39,22,18,29,31,41,28,1,434,0.06849747474747475,48,107,136,143,0,7,4,9,2,5,18,18,15,8,20,26,18,6,9,16,35,0,-167.7,0.0,0.0,-0.1,-6.5,-6.5,-6.5,4771,0.7529987373737373,1469,688,1798,816,263,110,135,242,129,61,13,139,107,68,82,157,219,107,172,381,320,149,215,253,193,93,29,207,163,136,134,161,277,145,243,449,3.8412009732029992,0.7020000000000001,0.34098486519985305,0.2625808431277883,0.21092785933803992,1440,0,0,0,10,0,3,0,2,9,0,0
1302,NM_001004333,210,154,274,192,830,0.5831325301204819,414,0.4987951807228916,73,128,106,107,7,5,11,11,13,22,15,19,13,19,14,5,6,13,16,18,0,150,0.18072289156626506,30,53,28,39,0,3,2,11,0,4,13,5,6,4,5,5,3,1,5,1,6,0,-43.5,-0.8,-1.0,-1.6,-6.3,-13.4,-18.6,266,0.3204819277108434,51,93,58,64,13,3,5,3,6,23,9,11,6,7,11,7,2,11,8,8,23,10,27,14,23,58,29,36,23,31,30,15,9,29,25,32,378.56457510402987,0.741,0.362245596052144,0.29024814273173605,0.12837429246746426,283,0,0,0,3,0,0,0,0,3,0,0
22585,NM_001322475,780,1153,787,1030,3750,0.41786666666666666,2292,0.6112,698,532,547,515,101,75,96,95,95,67,17,67,81,67,66,33,54,77,89,66,0,400,0.10666666666666667,117,96,93,94,2,18,12,18,10,18,15,9,11,14,6,14,9,9,9,9,18,2,-116.8,0.0,0.0,-1.5,-6.4,-13.1,-15.5,1058,0.2821333333333333,338,159,390,171,64,20,31,52,35,13,1,25,25,19,15,34,47,33,31,84,183,107,145,157,148,95,27,103,120,92,95,76,110,119,129,168,,0.762,,0.15075810233911535,0.14587289228264866,1041,0,0,0,2,0,0,0,0,18,0,0
11201,NM_001206665,717,392,673,436,2218,0.6266907123534716,1842,0.8304779080252479,317,546,341,638,19,43,73,23,73,92,42,70,47,95,113,52,20,39,103,17,1,75,0.03381424706943192,9,29,6,31,0,0,1,2,0,4,5,5,0,2,7,7,0,0,2,1,1,0,-33.4,-0.1,-2.4,-5.7,-9.7,-20.5,-33.4,301,0.13570784490532012,66,98,89,48,13,4,6,7,9,24,2,16,8,4,5,6,5,15,12,14,35,48,78,39,63,131,42,95,62,117,130,62,32,46,96,32,,0.7979999999999999,0.3774970177458979,0.2158848587406923,0.1939171919267313,759,0,0,0,5,1,2,1,1,8,0,0
4989,NM_001124756,608,467,643,417,2135,0.5859484777517564,1845,0.8641686182669789,401,558,346,540,30,62,77,47,74,91,40,63,65,96,75,35,15,41,77,34,0,84,0.03934426229508197,7,36,11,30,0,0,0,2,0,2,8,7,3,1,6,5,1,0,2,3,1,0,-46.1,0.0,-2.9,-3.6,-9.0,-31.0,-46.1,206,0.09648711943793913,59,49,60,38,15,0,5,6,8,8,0,12,3,8,4,7,7,5,7,8,60,47,70,37,98,112,52,72,66,94,91,57,28,56,87,40,4.733144132096666,0.836,0.3720454355221661,0.19193094062346594,0.17529607704421135,758,0,0,0,10,0,0,0,0,15,0,0
19405,NM_001308133,1430,2357,1224,2049,7060,0.3759206798866856,6069,0.8596317280453257,2050,1064,1721,1234,379,160,211,244,230,94,40,162,261,98,108,159,185,186,249,268,0,93,0.013172804532577905,19,20,21,33,0,3,1,4,0,0,3,2,3,5,4,4,4,3,4,6,0,0,-34.4,0.0,-4.6,-8.1,-11.0,-18.2,-32.9,898,0.1271954674220963,288,140,307,163,58,16,23,46,20,19,4,25,23,12,18,23,44,25,42,51,425,152,290,342,213,134,67,204,270,121,135,174,240,199,237,326,,0.725,0.273740523390007,0.1338819135758209,0.13237217072427845,2189,0,0,0,19,0,0,1,0,22,0,0
25682,NM_001348308,719,918,603,713,2953,0.4476803250931256,1305,0.4419234676600068,465,236,248,356,85,39,77,43,49,17,10,39,69,48,42,19,18,17,48,32,1,423,0.14324415848289876,85,146,66,126,1,11,6,16,8,17,23,21,11,11,29,15,11,5,16,7,4,1,-163.7,0.0,0.0,-1.0,-1.1,-4.6,-7.8,1225,0.4148323738570945,368,221,399,237,64,33,35,48,41,31,3,38,41,19,35,31,42,25,38,88,167,82,132,92,101,62,34,98,108,93,93,62,69,71,103,109,,0.7709999999999999,,0.2686276685144631,0.2358628493986312,764,0,0,0,3,0,0,0,0,15,0,0
40893,NM_020357,458,784,390,755,2387,0.3552576455802262,537,0.2249685798072895,193,111,100,133,32,14,31,16,23,13,7,12,32,14,13,9,12,15,14,11,1,122,0.051110180142438205,17,36,24,45,0,3,3,2,1,1,5,5,6,4,5,11,3,0,5,4,2,1,-51.3,0.0,-1.7,-10.4,-22.8,-24.8,-36.4,1728,0.7239212400502724,574,243,631,280,116,49,49,73,39,19,6,53,48,21,26,43,84,37,61,140,166,61,78,89,59,39,20,73,74,46,52,53,91,52,83,157,8.045040110492142,0.741,,0.4472904065484311,0.2722754536136214,529,0,0,0,12,0,0,0,0,5,0,0
12205,NM_001252076,550,322,616,290,1778,0.655793025871766,648,0.3644544431946007,128,217,94,209,10,25,22,10,23,38,25,17,26,32,33,16,2,19,22,4,1,88,0.049493813273340834,13,28,16,31,0,1,3,4,1,1,7,3,0,1,4,5,1,0,3,7,2,0,-40.7,0.0,-1.2,-1.6,-9.9,-15.1,-35.2,1042,0.5860517435320585,181,371,180,310,15,16,27,13,41,78,26,41,47,61,47,25,7,30,30,17,26,44,53,24,65,123,54,58,74,97,85,42,9,52,59,23,,0.828,0.340271022984275,0.226932058886024,0.14342733088841153,763,0,0,0,3,0,2,1,0,6,0,0
1832,NM_001010898,1832,1277,1892,1418,6419,0.5801526717557252,2184,0.34023991275899673,415,651,499,619,33,62,67,55,81,107,45,98,63,76,103,74,21,75,88,44,0,457,0.07119489016980839,60,157,63,177,0,2,8,25,3,8,29,19,19,11,35,30,13,0,10,14,2,0,-254.8,0.0,-3.2,-8.3,-12.2,-17.0,-24.5,3778,0.5885651970711949,802,1084,856,1036,95,94,147,82,144,211,22,155,100,123,186,115,45,124,157,89,130,164,239,140,233,347,86,272,174,234,319,202,66,209,259,135,,0.8540000000000001,0.229253993012719,0.20343210986819726,0.1863860634952481,1673,0,0,0,23,0,0,1,0,12,0,0
49518,NM_203309,882,957,875,758,3472,0.5060483870967742,3081,0.8873847926267281,851,803,649,778,120,75,135,69,133,128,34,119,149,116,76,63,49,70,129,75,0,269,0.07747695852534563,70,53,66,80,2,13,5,12,6,4,9,2,11,11,8,14,5,6,5,13,10,2,-86.3,0.0,-2.2,-4.6,-10.4,-15.4,-22.8,122,0.03513824884792627,36,19,43,24,3,5,6,8,5,0,0,4,1,2,3,3,5,3,6,7,140,110,167,90,126,124,28,147,134,101,127,62,50,115,134,80,,0.79,0.281052249081972,0.18998727613372268,0.18485204466765848,1113,0,0,0,14,0,0,0,0,17,0,0
11414,NM_001223,317,425,261,327,1330,0.4345864661654135,1152,0.8661654135338346,351,243,280,278,58,29,40,37,52,31,11,43,53,28,36,25,24,18,49,42,1,44,0.03308270676691729,17,8,8,11,0,2,3,5,0,0,1,0,0,4,0,1,0,0,3,0,2,0,-5.6,0.0,0.0,0.0,-5.0,-5.6,-5.6,134,0.10075187969924812,57,10,39,28,17,0,4,6,0,0,0,5,8,1,2,4,5,4,7,4,77,32,49,43,52,32,11,48,65,29,39,29,29,25,56,48,,0.755,0.25929144886016897,0.16027436403309636,0.14571019640891048,453,0,0,0,6,0,2,2,2,9,0,0
26373,NM_001349558,1118,1667,1114,1543,5442,0.4101433296582139,2373,0.4360529217199559,714,542,595,522,92,86,89,90,103,62,17,80,108,49,56,56,54,83,90,71,0,1139,0.2092980521866961,350,250,267,272,6,50,30,50,35,43,33,9,47,70,26,28,23,22,29,38,36,7,-328.6,0.0,-1.3,-2.1,-3.8,-9.0,-12.6,1930,0.35464902609334803,603,322,681,324,108,47,52,102,67,27,4,55,44,29,35,48,75,66,77,129,270,157,210,214,221,114,33,183,176,111,129,117,148,181,213,243,,0.763,0.281912834682649,0.13872392056313498,0.13034106318411598,1458,0,0,0,12,1,0,0,1,16,0,0
42197,NM_024085,1049,798,1176,835,3858,0.5767236910316226,2520,0.6531881804043546,496,787,567,670,39,61,99,47,108,126,51,111,67,111,84,51,36,93,123,53,1,183,0.047433903576982885,23,56,30,74,0,1,5,9,0,1,11,9,6,4,10,13,7,2,3,8,2,0,-86.3,0.0,0.0,-2.0,-8.8,-19.7,-29.1,1155,0.2993779160186625,279,333,238,305,70,19,28,12,26,74,14,46,36,50,49,27,17,30,52,27,102,100,123,82,145,191,66,191,106,175,165,93,38,117,155,79,94.3991484673,0.8170000000000001,,0.17990614616398304,0.17265135166485446,1157,0,0,0,17,0,5,0,0,15,0,0
34770,NM_005044,1504,1619,1389,1572,6084,0.4755095332018409,1077,0.17702169625246547,248,302,214,313,27,40,38,13,44,41,28,26,47,47,44,30,11,35,35,32,0,381,0.0626232741617357,37,171,42,131,0,1,5,9,2,9,40,29,11,10,30,17,8,0,7,10,2,0,-195.2,0.0,-4.9,-5.9,-10.5,-20.7,-29.5,4626,0.7603550295857988,1334,916,1316,1060,231,124,154,160,169,102,39,141,147,113,128,172,118,126,179,210,266,151,207,194,205,190,107,194,199,187,193,191,131,164,226,236,2.4773001722563746,0.79,0.355902314167086,0.16620171983473342,0.12875400631733713,1254,0,0,0,10,0,11,1,0,9,0,0
24277,NM_001330354,315,335,248,389,1287,0.43745143745143744,831,0.6456876456876457,208,165,278,180,30,21,23,30,26,16,11,41,22,13,27,22,25,21,35,52,0,245,0.1903651903651904,44,60,36,105,0,7,3,10,1,2,12,9,4,12,13,21,9,2,5,9,3,0,-109.1,0.0,0.0,-2.7,-9.4,-15.2,-17.5,211,0.16394716394716394,83,23,75,30,19,3,8,8,6,0,0,6,4,0,1,9,15,8,7,11,57,31,36,46,32,29,21,50,39,27,50,39,37,29,52,68,,0.745,0.280919388995969,0.2752272144674006,0.20225245622208374,422,0,0,0,2,0,0,0,0,6,0,0
24012,NM_001330000,950,1435,943,1815,5143,0.3680731090803033,396,0.07699786117052304,108,91,114,83,13,11,10,17,19,12,6,10,15,7,12,10,10,14,11,21,1,311,0.06047054248493097,35,126,79,71,0,2,8,9,1,7,22,13,17,4,17,7,3,2,19,11,13,1,-86.6,0.0,-4.4,-7.3,-7.6,-13.3,-24.7,4436,0.8625315963445459,1292,726,1622,796,235,90,133,186,116,77,7,143,110,66,73,164,187,150,170,311,250,109,152,204,142,111,26,170,129,90,92,177,199,183,192,345,,0.684,0.24307149792819105,0.3063701993630612,0.14761194590565885,732,0,0,0,3,1,0,0,0,5,0,0
31257,NM_001364157,1205,1581,1240,1609,5635,0.4338952972493345,1701,0.3018633540372671,429,498,357,417,60,51,55,42,85,79,38,54,53,47,58,46,22,65,62,33,0,712,0.12635314995563446,124,204,170,214,3,10,15,19,9,27,34,18,20,25,34,32,31,9,22,22,28,3,-276.7,0.0,-4.3,-12.3,-13.4,-19.5,-31.2,3222,0.5717834960070985,1028,538,1082,574,213,77,92,140,93,52,14,103,80,60,63,86,120,87,116,215,281,156,180,196,187,160,71,191,155,145,152,141,145,170,208,279,,0.7909999999999999,,0.1171410169470064,0.10993200243081014,0,0,0,0,6,0,0,0,0,17,0,0
15835,NM_001284284,797,653,731,760,2941,0.5195511730703842,492,0.16729003740224413,98,164,96,134,9,12,17,10,20,34,10,20,13,20,23,12,8,14,16,8,0,189,0.06426385583134989,34,49,44,62,1,2,2,9,4,4,7,6,10,8,9,10,6,3,4,4,6,1,-71.9,0.0,-2.8,-5.3,-15.4,-19.1,-26.9,2260,0.7684461067664059,521,518,620,601,67,50,85,63,78,62,20,95,77,74,81,72,34,77,111,84,78,64,111,77,102,103,36,125,98,103,114,90,45,95,131,98,,0.815,0.3840657950038429,0.5221622537835204,0.2803979426573804,682,0,0,0,2,0,3,0,0,5,0,0
22303,NM_001322126,319,355,326,343,1343,0.4802680565897245,444,0.3306031273268801,104,98,119,123,15,6,10,16,15,13,6,23,19,11,21,16,8,11,19,13,1,440,0.3276247207743857,96,159,73,112,2,12,15,18,7,18,30,13,16,12,18,16,6,2,18,12,6,2,-139.2,0.0,0.0,0.0,-0.9,-4.1,-10.0,459,0.34177215189873417,155,69,151,84,31,12,14,23,13,7,2,10,10,4,11,15,20,14,17,26,55,36,47,37,41,52,16,51,51,30,42,36,33,48,54,42,,0.794,0.34077167002389297,0.33406666675082874,0.2058849185538701,362,0,0,0,3,0,0,0,0,7,0,0
8698,NM_001171025,1713,2537,1679,2337,8266,0.4103556738446649,4518,0.546576336801355,1364,1015,1080,1059,199,140,170,163,200,128,51,129,168,120,124,114,125,119,188,121,1,103,0.012460682313089765,21,30,21,31,0,4,2,1,1,5,2,5,4,4,6,3,3,0,4,5,2,0,-35.9,0.0,-6.6,-7.9,-10.1,-26.9,-27.0,3645,0.4409629808855553,1152,634,1236,623,213,92,105,177,110,75,17,111,100,56,68,99,141,98,110,250,417,228,294,330,338,204,67,233,259,178,201,209,254,226,303,391,,0.741,0.34274184376293504,0.10739454431942108,0.10604866414153458,2809,0,0,0,22,1,10,2,1,29,0,0
3609,NM_001077511,828,754,808,670,3060,0.5346405228758171,1038,0.3392156862745098,192,344,198,304,21,31,34,16,32,74,22,40,29,43,56,22,8,28,42,21,0,524,0.17124183006535948,111,136,108,169,2,18,8,23,8,12,19,16,14,19,33,23,11,5,15,20,17,2,-210.4,-2.1,-4.6,-14.6,-15.9,-15.9,-27.0,1498,0.4895424836601307,451,328,364,355,75,44,53,34,70,45,2,46,49,45,61,38,51,31,46,59,114,83,110,58,114,138,40,100,97,121,140,71,64,74,108,97,,0.8079999999999999,0.254573756676185,0.20850411471016472,0.17640983200833804,739,0,0,0,8,0,4,2,0,4,0,0
19925,NM_001317032,259,196,171,134,760,0.5657894736842105,513,0.675,122,125,80,186,6,14,35,9,18,17,10,14,28,27,29,8,5,8,20,8,1,36,0.04736842105263158,6,8,9,13,0,1,0,2,0,1,1,2,0,0,1,2,2,0,1,2,2,0,-10.1,0.0,-1.6,-10.1,-10.1,-10.1,-10.1,211,0.2776315789473684,68,38,45,60,15,5,11,6,3,8,1,6,7,3,10,9,5,4,9,3,22,18,44,14,27,24,14,18,33,35,41,19,15,10,32,13,,0.792,0.359552106103466,0.3252312579245136,0.20872898622412212,242,0,0,0,4,0,0,0,0,4,0,0
41788,NM_022160,576,584,571,571,2302,0.49826238053866206,1515,0.658123370981755,344,419,324,428,48,38,61,24,54,59,46,54,40,62,69,39,30,47,42,44,1,225,0.09774109470026064,38,78,45,64,0,4,5,7,0,10,10,8,7,7,11,10,4,1,16,7,5,0,-88.5,0.0,-2.4,-6.7,-8.9,-16.0,-28.1,562,0.24413553431798435,202,74,202,84,42,7,16,29,20,5,1,16,15,7,7,8,31,13,23,41,95,37,87,69,75,88,45,82,69,84,83,51,57,71,74,83,2.0213271952817498,0.737,0.318375653835511,0.15714634975340935,0.14597749334285193,881,0,0,0,2,0,0,0,0,2,0,0
1064,NM_001001895,656,583,709,494,2442,0.558968058968059,1872,0.7665847665847666,450,552,349,521,53,61,73,40,83,80,46,68,72,75,74,34,15,59,73,30,1,84,0.0343980343980344,12,27,25,20,0,1,0,5,2,0,5,0,9,2,6,1,2,0,2,2,4,0,-20.1,0.0,-4.5,-11.7,-12.7,-18.2,-18.9,486,0.19901719901719905,121,130,120,115,19,12,13,9,26,15,7,17,13,14,22,11,10,24,13,18,73,73,91,51,109,100,53,94,87,95,97,47,25,85,88,52,5.528851724293402,0.802,0.327611271316214,0.18975867329446272,0.17567309153585575,850,0,0,0,7,0,0,1,0,14,0,0
45331,NM_138782,916,1699,861,1518,4994,0.3558269923908691,2433,0.487184621545855,831,498,614,490,148,65,97,97,117,51,10,78,90,48,53,47,68,78,92,77,1,116,0.02322787344813777,14,32,10,60,0,3,3,2,0,1,2,9,3,2,11,15,4,0,0,1,1,0,-56.5,0.0,-6.4,-8.1,-18.4,-26.3,-42.9,2445,0.4895875050060072,854,331,894,366,149,65,75,154,76,23,2,70,61,33,23,64,124,39,85,179,341,118,158,209,187,80,21,143,149,92,101,113,196,139,180,269,,0.723,0.215811212457525,0.1878676269438944,0.17593012744517433,1139,0,0,0,18,0,2,0,0,26,0,0
49842,NM_207355,554,645,431,506,2136,0.4611423220973783,1746,0.8174157303370787,604,340,382,420,123,54,73,57,66,28,13,58,77,49,46,38,31,44,78,38,0,371,0.17368913857677906,36,88,120,127,0,5,4,4,3,4,15,5,20,7,13,33,14,3,12,18,25,0,-142.3,0.0,-3.0,-7.9,-11.4,-23.1,-27.8,19,0.00889513108614232,5,3,4,7,0,1,2,0,1,0,0,0,1,1,0,1,0,0,1,1,116,58,81,63,71,48,20,82,90,60,80,43,49,44,99,63,,0.7390000000000001,0.273554945224383,0.21328430064658144,0.1915082124587324,420,0,0,0,18,0,0,0,0,11,0,0
29554,NM_001353882,529,574,439,645,2187,0.442615454961134,669,0.3058984910836763,173,138,221,137,26,12,18,26,22,17,3,30,17,15,17,14,25,22,36,34,0,806,0.3685413808870599,142,215,158,291,1,12,19,27,24,18,28,33,25,23,45,55,20,6,19,32,16,1,-343.2,0.0,-0.4,-3.8,-9.9,-12.8,-17.2,712,0.3255601280292638,259,86,266,101,66,12,15,32,15,5,1,23,13,9,8,18,40,16,29,54,105,42,54,73,58,48,37,78,63,70,79,58,73,58,89,108,,0.726,0.316823948869705,0.2648802057909949,0.1962255361003702,600,0,0,0,2,0,0,0,0,10,0,0
17933,NM_001297623,799,1209,759,1132,3899,0.3995896383688125,1623,0.41626057963580393,535,306,437,345,94,44,42,85,55,34,8,55,82,30,41,42,38,46,59,56,1,244,0.0625801487560913,66,52,54,72,2,8,8,9,6,5,6,4,8,15,6,13,3,6,8,9,7,2,-65.2,0.0,0.0,0.0,-2.4,-7.6,-11.7,2032,0.5211592716081046,608,401,641,382,116,50,61,77,74,49,14,68,47,45,43,45,67,52,84,124,212,101,158,136,153,88,24,123,113,76,99,77,123,106,153,207,,0.7509999999999999,0.295868801248444,0.34197413428396484,0.30544294184306,962,0,0,0,27,0,0,0,0,5,0,0
41194,NM_020859,2731,2829,2802,2661,11023,0.5019504672049351,5991,0.5434999546402975,1390,1834,1061,1706,149,173,288,93,245,340,103,197,226,252,262,100,66,184,213,104,0,953,0.0864555928513109,262,163,312,216,3,50,20,36,22,28,17,4,33,32,23,25,32,24,21,38,71,3,-262.2,0.0,-0.2,-2.1,-4.3,-13.1,-19.9,4079,0.3700444525083915,1177,805,1288,809,195,119,128,153,141,96,12,148,118,78,98,112,127,115,165,234,415,286,452,260,411,461,124,379,372,347,398,238,218,333,401,416,2.6233703251741107,0.805,0.311172469624824,0.15327080541718652,0.1523044635046753,3084,0,0,0,17,0,4,0,0,11,0,0
13141,NM_001258341,507,582,525,684,2298,0.4490861618798956,1863,0.8107049608355091,455,417,568,423,66,44,46,66,75,57,18,69,57,40,59,53,35,57,90,99,0,110,0.04786771105308965,10,55,7,38,0,0,0,2,0,7,10,11,1,0,11,6,1,1,3,1,0,0,-51.3,0.0,-2.1,-11.0,-14.4,-24.8,-40.7,325,0.1414273281114012,117,53,109,46,19,12,15,11,9,7,0,10,12,0,2,5,20,8,10,22,90,57,56,81,91,74,29,81,65,54,70,66,52,63,97,122,,0.7609999999999999,0.251094275148008,0.17016018458582827,0.15778854812045573,675,0,0,0,1,0,0,0,0,15,0,0
23871,NM_001329712,913,709,974,631,3227,0.5847536411527735,504,0.1561822125813449,106,164,89,145,10,18,19,9,19,28,9,21,15,28,25,11,6,13,13,8,0,696,0.21568019832661914,117,246,107,226,1,11,17,28,6,21,45,22,25,20,50,35,13,3,20,22,9,2,-325.5,-1.7,-1.8,-2.6,-7.4,-20.3,-32.3,2027,0.628137589092036,486,564,435,542,68,58,85,32,85,89,33,84,64,71,85,42,25,55,77,60,76,97,126,48,131,166,77,118,114,126,141,73,41,92,115,72,,0.805,0.3609547843229721,0.3416183093337981,0.19748778019452584,912,0,0,0,3,0,0,0,0,5,0,0
43998,NM_033083,1043,1205,953,1302,4503,0.443260048856318,807,0.17921385742838108,235,223,152,197,29,33,33,20,43,30,10,28,37,29,24,14,11,20,25,17,0,223,0.04952254052853653,35,80,35,73,0,1,4,13,1,7,14,11,10,7,10,11,3,0,10,7,2,0,-92.6,0.0,-3.5,-8.5,-13.8,-25.0,-34.7,3473,0.7712636020430824,935,650,1115,773,154,73,117,116,125,72,10,122,103,68,100,107,92,108,168,201,174,117,181,136,142,131,31,170,158,96,126,151,122,135,174,207,,0.8109999999999999,,0.3132502212298052,0.251939106833583,1056,0,0,0,3,0,5,0,0,6,0,0
19355,NM_001308061,856,1400,741,1596,4593,0.3477030263444372,372,0.08099281515349445,103,65,119,85,14,9,14,13,8,8,1,15,16,8,11,8,15,8,16,22,0,354,0.07707380796864795,69,85,85,115,0,7,6,12,7,8,10,7,12,11,22,20,5,11,9,18,11,0,-137.5,0.0,-1.4,-5.9,-7.7,-12.7,-18.2,3867,0.8419333768778576,1228,591,1392,656,231,85,114,198,91,62,8,121,91,52,59,120,186,110,153,252,245,87,143,214,136,77,22,155,124,73,92,144,206,114,166,298,,0.733,0.22552702667633606,0.35591438421667704,0.1852695906281188,1087,0,0,0,2,0,4,0,0,5,0,0
33353,NM_003483,802,1152,999,1197,4150,0.4339759036144578,330,0.07951807228915662,109,95,30,96,16,9,34,1,16,17,6,8,15,17,7,2,2,5,8,2,0,811,0.19542168674698795,112,337,173,189,1,15,12,20,5,26,58,32,68,15,41,30,11,4,41,10,17,1,-292.9,0.0,-1.9,-9.5,-15.0,-22.2,-34.0,3009,0.7250602409638555,931,567,994,517,166,98,69,98,109,47,14,122,84,51,59,82,140,79,99,187,218,116,133,141,145,125,48,157,87,106,103,92,94,176,130,203,19.363511084994,0.7879999999999999,0.28340393096634897,0.550188188559769,0.2850837363361607,920,0,0,0,8,0,5,3,0,5,0,0
18489,NM_001301819,1023,1140,958,989,4110,0.4819951338199514,1275,0.3102189781021898,374,300,278,323,42,41,81,21,61,43,11,47,57,20,40,29,29,34,44,37,1,765,0.18613138686131386,199,198,125,243,0,18,18,46,11,29,40,9,19,51,23,34,16,8,20,29,11,0,-285.8,0.0,-5.3,-9.3,-12.6,-18.2,-31.7,2070,0.5036496350364964,567,460,586,457,83,53,79,81,71,66,13,81,67,37,66,51,50,73,78,86,164,134,168,125,140,132,44,154,175,97,140,103,70,125,154,129,,0.804,0.295589041373549,0.2705809559625369,0.2371401012795737,1075,0,0,0,22,0,6,0,0,6,0,0
23783,NM_001329524,507,663,461,562,2193,0.4414044687642499,1230,0.560875512995896,430,238,309,253,83,45,24,66,39,22,12,44,62,17,31,30,28,37,46,29,0,771,0.3515731874145007,176,193,187,215,2,24,16,25,19,20,27,12,41,34,28,34,21,13,22,27,22,4,-278.9,-0.2,-3.9,-3.9,-3.9,-6.3,-15.4,192,0.08755129958960327,57,30,66,39,11,4,5,9,4,2,0,11,5,2,6,3,8,5,12,9,118,65,54,94,63,51,24,96,101,47,71,54,49,64,85,60,,0.718,0.409839839748518,0.4542074713683242,0.3713678754903347,569,0,0,0,1,0,0,0,0,7,0,0
3295,NM_001042442,955,1522,965,1135,4577,0.4194887480882674,2310,0.5046974000436968,813,542,409,546,160,62,116,51,102,87,16,76,125,60,54,48,37,52,73,36,0,200,0.043696744592527856,32,77,29,62,0,4,7,4,0,7,12,10,11,5,11,13,1,1,7,3,3,0,-81.4,-1.6,-8.7,-13.7,-16.3,-28.6,-34.9,2067,0.4516058553637754,677,346,697,347,126,57,60,88,69,32,3,64,53,38,39,45,97,51,70,141,308,119,198,161,164,128,36,148,157,114,101,90,107,128,157,172,,0.7609999999999999,,0.27466266249099025,0.2595403418419271,1349,0,0,0,4,0,0,0,0,32,0,0
42712,NM_025080,686,591,562,508,2347,0.5317426501917342,927,0.3949723050703025,247,219,181,280,42,24,33,26,26,32,22,25,37,35,46,26,16,23,35,15,0,284,0.12100553898593948,35,89,45,115,1,3,4,12,1,4,15,17,8,5,21,20,8,3,5,11,4,1,-142.8,0.0,-2.0,-10.5,-14.8,-24.4,-34.8,1136,0.48402215594375797,309,254,282,291,52,21,50,31,39,36,13,50,44,23,40,40,20,36,41,32,93,50,98,49,83,75,56,83,92,68,104,79,33,72,84,54,,0.762,0.311427393435019,0.14704110825300698,0.12336399696796918,737,0,0,0,9,0,1,1,0,7,0,0
3189,NM_001040446,1165,1424,1115,1494,5198,0.4386302424009234,2244,0.4317045017314352,658,516,554,516,110,69,83,60,81,74,20,72,88,60,62,56,57,66,85,79,0,170,0.03270488649480568,13,60,23,74,0,0,0,3,1,4,8,10,7,5,21,11,4,0,2,7,1,0,-102.3,0.0,-6.3,-14.3,-14.7,-25.0,-35.7,2784,0.5355906117737591,753,539,917,575,108,66,71,126,91,67,18,105,75,55,80,73,108,70,123,156,218,135,157,187,176,149,48,184,168,136,153,133,165,138,215,236,,0.768,0.33329602374375605,0.17032131728111974,0.16490938030452607,1421,0,0,0,8,0,3,1,0,16,0,0
15362,NM_001282580,275,300,236,287,1098,0.465391621129326,195,0.17759562841530055,58,42,36,59,6,5,10,8,9,6,2,6,9,5,10,7,5,3,5,1,1,70,0.06375227686703097,17,14,5,34,0,4,1,2,1,2,0,3,1,3,5,9,1,0,1,1,0,0,-15.8,0.0,-0.7,-3.7,-7.7,-12.3,-15.8,833,0.7586520947176685,225,180,246,182,30,28,32,23,34,22,3,24,32,18,19,27,15,29,32,48,39,26,46,37,47,31,7,41,38,26,36,36,28,26,49,35,,0.674,0.33000254992001,0.6393522120121637,0.13926820336996704,277,0,0,0,2,0,0,0,0,3,0,0
5033,NM_001126242,1402,1047,1608,925,4982,0.6041750301083902,1281,0.2571256523484544,279,454,202,346,26,49,42,23,64,80,48,34,37,65,43,23,11,34,45,16,0,234,0.046969088719389804,44,92,36,62,1,5,5,7,6,5,25,9,8,8,9,9,3,3,6,6,2,2,-81.7,0.0,0.0,-7.2,-7.8,-13.7,-24.8,3467,0.6959052589321557,724,1062,687,994,81,86,125,52,152,191,50,129,101,167,182,80,45,96,107,89,120,132,217,74,209,299,127,178,127,214,221,99,48,150,174,101,,0.83,,0.1585279984172585,0.13138378721212307,1528,0,0,0,6,0,3,1,0,11,0,0
33561,NM_003739,294,377,272,308,1251,0.4524380495603517,972,0.7769784172661871,280,218,240,234,45,27,42,36,32,30,8,40,33,29,25,29,20,22,43,25,1,69,0.05515587529976019,21,13,17,18,0,3,1,5,0,5,1,0,1,4,1,1,3,0,3,2,4,0,-15.7,0.0,-3.9,-5.2,-7.6,-11.6,-15.7,210,0.16786570743405274,76,41,51,42,19,6,6,7,6,6,1,7,9,4,4,6,4,5,8,7,67,34,53,43,43,37,9,48,46,34,30,38,24,30,53,36,163.60649994,0.763,0.312324517090841,0.19593663850357368,0.15762298302138775,456,0,0,0,8,0,4,1,0,9,0,0
39941,NM_018010,704,1000,609,910,3223,0.4073844244492709,1290,0.4002482159478746,425,247,289,329,81,34,57,43,43,29,21,38,67,31,35,27,19,22,56,42,0,248,0.0769469438411418,41,65,47,95,0,3,5,9,2,5,8,8,10,9,13,20,8,4,8,8,3,0,-109.1,0.0,-4.0,-6.3,-16.1,-30.9,-45.9,1685,0.5228048402109835,534,297,574,280,105,48,52,68,48,31,4,60,44,26,31,37,63,49,55,121,169,79,116,127,111,67,24,102,117,81,91,67,111,78,117,154,8.973767682403999,0.747,0.33707389867959703,0.1621959637951278,0.14924663261205273,856,0,0,0,3,0,7,0,0,11,0,0
15165,NM_001282322,345,429,384,471,1629,0.44751381215469616,903,0.5543278084714549,255,218,223,207,37,25,40,29,38,32,4,25,33,21,31,22,16,41,24,33,1,139,0.08532842234499692,24,45,34,36,0,1,3,7,2,5,7,4,6,5,6,3,2,0,7,5,6,0,-42.5,-0.5,-1.7,-8.8,-10.5,-15.6,-24.9,587,0.3603437691835482,150,121,214,102,21,9,12,25,18,18,3,19,18,11,12,13,26,25,21,42,55,45,62,65,60,53,8,63,49,35,50,38,38,67,52,74,,0.78,0.308012353691184,0.2927293473785195,0.24744693875103874,405,0,0,0,2,0,0,0,0,15,0,0
46785,NM_153321,396,459,462,501,1818,0.471947194719472,483,0.2656765676567657,87,148,134,114,10,12,8,13,19,17,15,21,10,15,12,17,4,32,25,11,0,195,0.10726072607260724,34,67,34,60,0,4,4,6,0,7,11,10,6,8,15,6,5,1,3,4,7,0,-77.2,0.0,-1.5,-3.8,-9.0,-14.6,-22.9,1140,0.6270627062706271,338,247,333,222,58,31,32,37,47,33,6,54,36,18,27,43,39,25,33,51,70,48,49,54,75,64,20,90,50,48,54,58,43,53,62,70,,0.7859999999999999,0.305909773932904,0.3554977560389581,0.2095943323580192,496,0,0,0,7,0,6,1,0,5,0,0
19448,NM_001308190,436,914,452,804,2606,0.340752110514198,354,0.13584036838066002,112,75,98,69,18,10,14,17,15,9,5,13,12,4,8,6,8,10,12,16,0,151,0.057943207981580966,38,36,38,39,0,4,7,8,3,4,5,0,8,3,5,8,3,4,2,4,7,0,-43.9,0.0,0.0,-1.1,-1.4,-7.8,-15.8,2101,0.8062164236377591,764,341,668,328,151,48,66,105,77,38,7,54,66,27,26,44,99,52,66,124,182,90,75,114,81,44,11,81,89,37,39,59,99,64,87,150,,0.69,0.301927031610046,0.2888951044411319,0.13383124449441766,628,0,0,0,2,0,2,1,0,6,0,0
33229,NM_003347,710,714,834,770,3028,0.5099075297225891,465,0.15356671070013211,158,108,94,105,29,17,24,14,15,16,10,16,17,8,12,5,12,10,17,10,1,198,0.0653896961690885,32,78,29,59,0,3,7,9,0,5,18,5,7,2,13,9,2,1,5,10,2,0,-81.3,0.0,-2.0,-4.1,-6.1,-17.8,-28.4,2365,0.7810435931307794,524,648,647,546,84,52,71,40,90,106,23,118,60,67,82,68,43,86,92,100,117,87,107,70,96,135,50,122,67,112,86,71,51,97,131,114,,0.777,0.390587327915438,0.32824582679895986,0.19922933056757408,566,0,0,0,6,0,5,1,0,4,0,0
46267,NM_152363,898,631,855,578,2962,0.5918298446995274,1848,0.6239027683997299,337,604,325,582,19,65,70,27,70,102,42,79,56,95,101,35,11,49,82,21,0,20,0.00675219446320054,3,8,2,7,0,0,0,0,0,2,1,1,0,1,2,1,0,0,0,0,1,0,-41.1,0.0,0.0,-2.8,-6.9,-19.8,-27.4,1094,0.3693450371370696,291,243,251,309,51,28,45,31,35,39,9,33,25,36,52,23,25,24,67,24,70,93,115,58,107,142,52,112,82,133,154,58,36,73,149,46,2.73128759032,0.789,0.346535745775075,0.14771258950032884,0.13287489861190127,0,0,0,0,5,0,0,0,0,9,0,0
29686,NM_001354073,719,971,629,761,3080,0.4376623376623376,1338,0.4344155844155844,450,262,321,305,69,37,69,67,56,32,11,33,53,31,33,32,30,30,43,43,0,996,0.3233766233766234,240,255,199,302,1,35,23,40,22,27,36,32,34,40,45,42,22,18,22,38,21,1,-390.7,0.0,-0.8,-4.8,-8.1,-8.7,-12.0,746,0.2422077922077922,281,112,241,112,59,16,20,36,18,14,0,23,27,9,12,12,46,18,20,43,163,76,129,125,101,82,43,90,120,85,87,66,94,70,101,107,,0.725,0.303669155787685,0.16059198679624176,0.14035220200523968,854,0,0,0,3,0,0,0,0,15,0,0
32419,NM_002479,441,356,444,335,1576,0.5615482233502538,675,0.4282994923857868,142,225,103,205,11,21,33,10,27,46,13,24,23,29,35,15,5,19,22,4,0,77,0.04885786802030457,14,20,14,29,0,2,1,2,0,3,5,0,1,3,5,6,3,0,0,4,3,1,-28.4,0.0,0.0,-7.8,-12.3,-17.9,-28.4,824,0.5228426395939086,200,199,218,207,45,14,28,13,22,42,5,24,19,30,39,20,14,20,27,50,61,34,57,22,55,86,25,53,44,67,78,34,20,38,58,55,,0.8740000000000001,0.365655347026864,0.3767127950918357,0.2431830130927537,532,0,0,0,9,0,4,1,0,3,0,0
34442,NM_004694,791,1080,755,1202,3828,0.4038662486938349,1572,0.4106583072100313,386,364,446,376,44,42,51,61,58,43,23,59,56,45,50,40,30,51,61,72,0,186,0.048589341692789965,31,53,45,57,1,4,3,2,2,2,10,5,8,8,8,14,4,6,7,0,9,1,-82.9,0.0,0.0,-0.1,-4.7,-9.6,-28.2,2070,0.5407523510971787,663,338,711,358,125,54,49,101,69,29,10,65,52,23,47,67,88,59,63,134,173,99,102,164,129,82,38,132,116,76,111,111,124,117,124,215,11.355404689652,0.742,0.251604786364237,0.15437314715833786,0.14391488323705293,756,0,0,0,18,0,2,0,0,6,0,0
41580,NM_021814,615,871,623,929,3038,0.4075049374588545,900,0.29624753127057274,230,222,252,196,29,40,24,34,36,23,13,37,19,17,31,23,19,33,38,34,0,371,0.12211981566820275,62,133,84,92,0,9,11,4,9,7,23,17,15,6,22,10,10,6,15,13,8,0,-123.6,0.0,-0.5,-6.4,-8.8,-15.3,-17.2,1767,0.5816326530612245,579,268,593,327,110,41,56,76,42,29,8,49,45,28,34,51,98,42,71,103,147,73,80,126,116,76,27,105,88,63,77,91,92,87,112,158,18.473952233211172,0.7879999999999999,0.308149942450354,0.2308787395874856,0.1824553998918592,760,0,0,0,11,0,4,1,0,8,0,0
2287,NM_001018038,2064,3352,1784,2987,10187,0.3777363306174536,9210,0.9040934524393835,3092,1583,2697,1838,568,222,346,416,319,161,42,271,329,162,190,223,324,245,356,431,1,260,0.02552272504171984,33,93,33,101,0,2,8,14,0,1,13,16,9,6,26,14,6,0,7,5,2,0,-139.1,0.0,-3.6,-9.6,-12.8,-21.4,-34.0,717,0.07038382251889662,227,108,257,125,44,20,26,32,15,14,1,17,13,9,10,23,32,18,33,51,600,273,357,423,360,173,67,305,386,175,225,267,353,258,362,509,,0.7040000000000001,0.295373697227853,0.1181333152712456,0.11736925529375596,2949,0,0,0,20,0,0,0,0,69,0,0
13745,NM_001270890,1225,1983,1130,1922,6260,0.3761980830670926,2763,0.4413738019169329,922,517,766,558,180,70,101,96,98,66,20,80,118,43,52,68,78,74,104,133,0,291,0.046485623003194886,46,83,63,99,1,6,5,11,2,5,14,13,13,10,13,15,8,1,5,14,10,1,-119.1,-0.5,-4.2,-4.2,-5.9,-12.6,-26.2,3206,0.5121405750798722,1015,530,1093,568,177,80,106,135,81,63,4,106,97,44,56,88,162,89,117,198,348,159,234,253,191,122,37,194,219,115,123,158,231,188,216,341,,0.718,0.298371999205953,0.17048767675580126,0.1633370028284209,1862,0,0,0,2,0,0,1,0,17,0,0
15982,NM_001285522,2678,4353,2927,4447,14405,0.3891010065949323,294,0.02040958000694204,54,102,61,77,3,8,10,8,13,25,9,10,6,5,12,5,3,7,18,5,1,443,0.03075321069073238,85,151,95,112,1,14,6,17,7,11,27,13,28,12,18,17,9,4,21,8,9,3,-139.6,0.0,0.0,-5.6,-10.1,-18.1,-32.2,13668,0.9488372093023256,4214,2674,4291,2489,749,344,478,589,501,313,68,481,344,246,264,357,460,408,468,764,766,358,505,604,525,365,90,519,362,269,293,371,467,436,494,778,,0.828,0.34827453644945194,0.3758742560995703,0.11762276367665515,3187,0,0,0,4,0,17,3,0,2,0,0
43339,NM_032111,301,220,257,215,993,0.5619335347432024,438,0.44108761329305135,106,118,86,128,11,14,16,12,19,19,7,17,16,16,24,14,7,7,11,9,0,166,0.16717019133937566,19,52,23,72,0,2,1,5,2,2,7,10,1,3,16,16,2,2,7,3,3,0,-87.9,0.0,-7.6,-9.3,-11.3,-23.4,-34.5,389,0.391742195367573,95,87,106,101,13,14,16,9,10,17,0,11,9,7,18,14,10,11,19,16,27,23,31,23,40,32,27,37,37,44,46,19,12,21,51,26,16.800583570481997,0.828,,0.372582599209536,0.1851122431011778,275,0,0,0,2,0,0,2,1,3,0,1
39993,NM_018068,1134,1170,1009,1135,4448,0.4817895683453237,2922,0.6569244604316546,781,675,725,741,111,74,113,82,120,101,21,87,109,76,108,79,61,95,127,97,0,165,0.03709532374100719,30,47,27,61,0,4,5,6,1,3,9,7,1,6,7,12,4,1,6,6,4,0,-63.7,0.0,0.0,-2.8,-6.3,-12.7,-23.4,1361,0.3059802158273381,359,287,383,332,61,29,57,28,35,41,10,48,49,36,43,44,39,46,50,64,172,106,169,152,175,128,56,166,154,136,148,122,70,114,199,156,,0.77,0.3070557126383789,0.1371502679598704,0.1344739767361154,1407,0,0,0,15,0,0,0,0,23,0,0
